id,filename,page,line_num,text,amount,parent,is_equal,diff
1660,65028.pdf,57,7,05317-1 ก่อสร้างอาคารอเนกประสงค์ 3 ชั้น 1 หลัง โรงเรียนวัดจักรวรรติ 2152764 บาท,2152764.0,1659,False,600000.0
4190,65033.pdf,36,23,"2.1 ค่าตอบแทน ใช้สอยและวัสดุ 16,213,686 บาท",16213686.0,4189,False,-112350.0
4191,65033.pdf,36,24,"2.1.1 ค่าตอบแทน 7,486,740 บาท",7486740.0,4190,False,112350.0
4192,65033.pdf,36,29,"2.1.2 ค่าใช้สอย 371,580 บาท",371580.0,4190,False,112350.0
4193,65033.pdf,36,31,"2.1.3 ค่าวัสดุ 8,243,016 บาท",8243016.0,4190,False,112350.0
4194,65033.pdf,37,1,"2.2 ค่าสาธารณูปโภค 112,350 บาท",112350.0,4189,False,-112350.0
4448,65033.pdf,50,22,"2.1 ค่าตอบแทน 48,100 บาท",48100.0,4447,False,-600000.0
4449,65033.pdf,50,24,"2.2 ค่าใช้สอย 579,560 บาท",579560.0,4447,False,-600000.0
4450,65033.pdf,50,30,"2.3 ค่าวัสดุ 151,425 บาท",151425.0,4447,False,-600000.0
5463,65035.pdf,52,1,"งาน: บริหารทัวไปฝ่ายพัฒนาชุมชน 3,160,245 บาท",3160245.0,0,False,-2112823.0
5464,65035.pdf,50,18,"05315-1 ก่อสร้างเขื่อน ค.ส.ล. (ดาดท้องคลอง) คลองมอญ จากคลองขวางล่างถึงสุดระยะที่กําหนด 23,677,900 598511 - 1985191994 ค.ส.ล. (ดาดท้องคลอง) ตามแบบ (ผ - 5601 1  - 4 ความยาวเขื่อน 2 ฝั่ง ยาวประมาณ 1,000 ม. เงิน เงินนอก งบประมาณ งบประมาณ งบประมาณทั้งสิ้น 30,86 7,900 - 598511 ปี 2563 (เริ่มต้น) ตั้งงบประมาณ 1,000,000 - 598511 3 2564 ตั้งงบประมาณ 6,190,000 - 598511 - ใช้จากงบประมาณรายจ่ายพิเศษ - - 598511 - ใช้จากงบประมาณรายจ่ายประจําปี 7,190,000 - 598511 - ใช้จากเงินสะสมกรุงเทพมหานคร - - 598511 ปี 2565 ตั้งงบประมาณ (สิ้นสุดโครงการ) 23,677,900 - 598511 1. งบบุคลากร 2112823 บาท",2112823.0,5463,False,-2112823.0
5465,65035.pdf,52,3,"1.1 เงินเดือน 1,810,908 บาท",1810908.0,5463,False,-2112823.0
5469,65035.pdf,52,7,"1.2 ค่าจ้างประจำ 209,644 บาท",209644.0,5463,False,-2112823.0
5474,65035.pdf,52,12,"1.3 ค่าจ้างชั่วคราว 48,960 บาท",48960.0,5463,False,-2112823.0
5478,65035.pdf,52,16,"1.4 ค่าตอบแทน ใช้สอยและวัสดุ 43,311 บาท",43311.0,5463,False,-2112823.0
5481,65035.pdf,52,19,"2. งบดำเนินงาน 838,922 บาท",838922.0,5463,False,-2112823.0
5487,65035.pdf,53,1,"3. งบลงทุน 208,500 บาท",208500.0,5463,False,-2112823.0
5576,65035.pdf,59,1,"งาน: ป้องกันและควบคุมโรค 1,327,357 บาท",1327357.0,0,False,149800.0
5577,65035.pdf,59,2,"1. งบบุคลากร 1,177,557 บาท",1177557.0,5576,False,149800.0
5593,65035.pdf,59,18,"03217-1 เงินสมทบกองทุนประกันสังคม 6,480 บาท",6480.0,5592,False,-149800.0
5594,65035.pdf,59,19,"03128-1 เงินตอบแทนพิเศษของลูกจ้างประจำ 3,030 บาท",3030.0,5592,False,-149800.0
5595,65035.pdf,59,23,"05199-5  เครื่องวัดระดับเสียง 1 เครื่อง 149,800 บาท",149800.0,5592,False,-149800.0
6281,65037.pdf,26,11,"05141-2 รถนังส่วนกลาง ปริมาตรกระบอกสูบ 1,300 - 1,600 ซีซี หรือกําลังเครื่องยนต์สูงสุดไม่ตัํากว่า 70 กิโลวัตต์ 1 คัน 140000 บาท",140000.0,6280,False,600000.0
6628,65037.pdf,52,11,05314-16 ขุดลอกคลองกะเฉด จากซอยรามอินทรา 39 แยก 28 ถึงซอยรามอินทรา 5 แยก 18 30000 บาท,30000.0,6627,False,700000.0
6925,65038.pdf,30,15,"2.1 ค่าตอบแทน ใช้สอยและวัสดุ 1,293,800 บาท",1293800.0,6924,False,-1293800.0
6926,65038.pdf,30,16,"2.1 ค่าตอบแทน 427,800 บาท",427800.0,6924,False,-1293800.0
6927,65038.pdf,30,18,"2.2 ค่าใช้สอย 507,100 บาท",507100.0,6924,False,-1293800.0
6928,65038.pdf,30,22,"2.3 ค่าวัสดุ 358,900 บาท",358900.0,6924,False,-1293800.0
7602,65039.pdf,35,28,07199-1 ค่าใช้จ่ายในการบำรุงรักษา ปรับปรุง และเพิ่มพื้นที่ สีเขียว 100000 บาท,100000.0,7601,False,600000.0
8506,65040.pdf,55,1,"งาน: งบประมาณโรงเรียน 152,603,180 บาท",152603180.0,0,False,-119840.0
8507,65040.pdf,55,2,"1. งบบุคลากร 19,037,320 บาท",19037320.0,8506,False,-119840.0
8525,65040.pdf,55,20,"2. งบดำเนินงาน 53,117,960 บาท",53117960.0,8506,False,-119840.0
8531,65040.pdf,56,5,"3. งบลงทุน 1,607,200 บาท",1607200.0,8506,False,-119840.0
8541,65040.pdf,57,3,"4. งบเงินอุดหนุน 68,188,000 บาท",68188000.0,8506,False,-119840.0
8544,65040.pdf,57,6,"5. งบรายจ่ายอื่น 10,652,700 บาท",10652700.0,8506,False,-119840.0
8545,65040.pdf,57,7,"07199-1 (1) ค่าใช้จ่ายโครงการเกษตรปลอดสารพิษ 50,000 บาท",50000.0,8544,False,-1186920.0
8546,65040.pdf,57,8,07199-2 (2) ค่าใช้จ่ายตามโครงการเรียนฟรี เรียนดี อย่างมีคุณภาพโรงเรียนสังกัดกรุงเทพมหานคร 9328800 บาท,9328800.0,8544,False,-1186920.0
8547,65040.pdf,57,10,"07199-3 (3) ค่าใช้จ่ายในการสอนภาษามลายู 480,000 บาท",480000.0,8544,False,-1186920.0
8548,65040.pdf,57,11,07124-1 (4) ค่าใช้จ่ายในการจัดประชุมสัมมนาคณะกรรมการ สถานศึกษาขั้นพื้นฐานโรงเรียนสังกัดกรุงเทพมหานคร 266100 บาท,266100.0,8544,False,-1186920.0
8549,65040.pdf,57,13,07125-1 (5) ค่าใช้จ่ายในการสัมมนาประธานกรรมการเครือข่าย ผู้ปกครองเพื่อพัฒนาโรงเรียนสังกัดกรุงเทพมหานคร 83100 บาท,83100.0,8544,False,-1186920.0
8550,65040.pdf,57,15,"07126-1 (6) ค่าใช้จ่ายในการส่งเสริมสนับสนุนให้นักเรียนสร้างสรรค์ผลงานเพื่อการเรียนรู้ 444,700 บาท",444700.0,8544,False,-1186920.0
8551,65041.pdf,27,1,"2.2 ค่าสาธารญูปโภค|_ 1,186,920 บาท",1186920.0,8544,False,-1186920.0
8552,65041.pdf,27,4,"3. งบลงทุน 119,840 บาท",119840.0,8506,False,-119840.0
9448,65042.pdf,47,2,"งาน: บริหารทัวไปฝ่ายพัฒนาชุมชน 2,236,780 บาท",2236780.0,0,False,-1674860.0
9449,65042.pdf,46,11,"3.5 ม. - 5.8 ม. ยาวประมาณ 382 ม. ลึกจากระดับท้องคลองเดิมถึงระดับ ขุดลอกเฉลี่ย 1.03 ม. และ 1.53 ม. ระดับขุดลอก -1 ม.รทก ปริมาณดิน 1,900.10 ลบ.ม. ฝ่ายพัฒนาชุมชนและสวัสดิการสังคม 1. งบบุคลากร 1674860 บาท",1674860.0,9448,False,-1674860.0
9450,65042.pdf,47,4,"1.1 เงินเดือน 1,516,200 บาท",1516200.0,9448,False,-1674860.0
9456,65042.pdf,47,10,"1.2 ค่าจ้างประจำ 64,800 บาท",64800.0,9448,False,-1674860.0
9461,65042.pdf,47,15,"1.3 ค่าจ้างชั่วคราว_ 57,600 บาท",57600.0,9448,False,-1674860.0
9465,65042.pdf,47,19,"1.4 ค่าตอบแทน ใช้สอยและวัสดุ 36,260 บาท",36260.0,9448,False,-1674860.0
9468,65042.pdf,47,22,"2. งบดำเนินงาน 474,420 บาท",474420.0,9448,False,-1674860.0
9474,65042.pdf,48,3,"3. งบลงทุน 87,500 บาท",87500.0,9448,False,-1674860.0
9716,65043.pdf,32,1,"งานบริหารทั่วไปและบริการทะเบียน 7,878,500 บาท",7878500.0,0,False,-5481200.0
9717,65043.pdf,32,2,"1. งบบุคลากร 7,003,500.00 บาท",7003500.0,9716,False,-5481200.0
9729,65043.pdf,32,14,"2. งบดำเนินงาน 875,000 บาท",875000.0,9716,False,-5481200.0
9733,65043.pdf,33,1,"1. งบบุคลากร 4,830,400 บาท",4830400.0,9716,False,-5481200.0
9746,65043.pdf,33,14,"2. งบดำเนินงาน 650,800 บาท",650800.0,9716,False,-5481200.0
10084,65043.pdf,50,23,"2.1 ค่าตอบแทน ใช้สอยและวัสดุ 69,000 บาท",69000.0,10083,False,-69000.0
10085,65043.pdf,50,24,"2.1 ค่าตอบแทน 3,480 บาท",3480.0,10083,False,-69000.0
10086,65043.pdf,50,26,"2.2 ค่าใช้สอย 14,700 บาท",14700.0,10083,False,-69000.0
10087,65043.pdf,50,29,"2.3 ค่าวัสดุ 50,820 บาท",50820.0,10083,False,-69000.0
10110,65043.pdf,51,23,"2.1 ค่าตอบแทน ใช้สอยและวัสดุ 797,200 บาท",797200.0,10109,False,-797200.0
10111,65043.pdf,51,24,"2.1 ค่าตอบแทน 3,480 บาท",3480.0,10109,False,-797200.0
10112,65043.pdf,51,26,"2.2 ค่าใช้สอย 742,900 บาท",742900.0,10109,False,-797200.0
10113,65043.pdf,51,30,"2.3 ค่าวัสดุ 50,820 บาท",50820.0,10109,False,-797200.0
10136,65043.pdf,52,23,"2.1 ค่าตอบแทน ใช้สอยและวัสดุ 92,000 บาท",92000.0,10135,False,-92000.0
10137,65043.pdf,52,24,"2.1 ค่าตอบแทน 4,640 บาท",4640.0,10135,False,-92000.0
10138,65043.pdf,52,26,"2.2 ค่าใช้สอย 19,600 บาท",19600.0,10135,False,-92000.0
10139,65043.pdf,52,29,"2.3 ค่าวัสดุ 67,760 บาท",67760.0,10135,False,-92000.0
11934,65047.pdf,29,24,"2.1 ค่าตอบแทน ใช้สอยและวัสดุ 4,713,660 บาท",4713660.0,11933,False,90.0
11938,65047.pdf,30,5,"2.2 ค่าสาธารญูปโภค_ 1,133,600 บาท",1133600.0,11933,False,90.0
11972,65047.pdf,33,3,1.1 889 1304400 บาท,1304400.0,11971,False,6000000.0
11973,65047.pdf,33,4,"01101-1  อัตราเดิม 18 อัตรา 6,834,000 บาท",6834000.0,11972,False,-6000000.0
11974,65047.pdf,33,5,"01102-1 เงินเลื่อนขั้น 416,400 บาท",416400.0,11972,False,-6000000.0
11975,65047.pdf,33,6,"01107-1 เงินค่าตอบแทนรายเดือนของข้าราชการ 42,000 บาท",42000.0,11972,False,-6000000.0
11976,65047.pdf,33,7,"01108-1 เงินเพิ่มการครองชีพชั่วคราวของข้าราชการ 12,000 บาท",12000.0,11972,False,-6000000.0
11977,65047.pdf,33,8,1.2 ค่าจ้างประจํา 310800 บาท,310800.0,11971,False,6000000.0
11980,65047.pdf,33,11,1.3 ค่าตอบแทน ใช้สอยและวัสดุ 15400 บาท,15400.0,11971,False,6000000.0
12162,65047.pdf,42,22,"2.1 ค่าตอบแทน 1,952,500 บาท",1952500.0,12161,False,20.0
12163,65047.pdf,42,26,"2.2 ค่าใช้สอย 52,200 บาท",52200.0,12161,False,20.0
12164,65047.pdf,42,29,"2.3 ค่าวัสดุ 367,540 บาท",367540.0,12161,False,20.0
12726,65048.pdf,46,23,"2.1 ค่าตอบแทนใช้สอยและวัสดุ 849,410 บาท",849410.0,12725,False,-849410.0
12727,65048.pdf,46,24,"2.1 ค่าตอบแทน 159,120 บาท",159120.0,12725,False,-849410.0
12728,65048.pdf,46,26,"2.2 ค่าใช้สอย 406,940 บาท",406940.0,12725,False,-849410.0
12729,65048.pdf,46,31,"2.3 วัสดุ 283,350 บาท",283350.0,12725,False,-849410.0
12731,65048.pdf,47,4,05198-3 (1) เครื่องคอมพิวเตอร์สำหรับงานสำนักงาน (จอแสดงภาพขนาดไม่น้อยกว่า 19 นิ้ว) พร้อมโปรแกรมระบบปฏิบัติการ (OS) แบบ GGWA ที่มีลิขสิทธิ์ถูกต้องตามกฎหมาย 3 เครื่อง 16530 บาท,16530.0,12730,False,60000.0
12732,65048.pdf,47,8,"05198-4 (2) สแกนเนอร์ สำหรับงานเก็บเอกสารระดับศูนย์บริการ แบบที่ 1 1 เครื่อง 17,000 บาท",17000.0,12730,False,60000.0
12733,65048.pdf,47,9,"05113-1 (3) โต๊ะทำงาน ระดับปฏิบัติงาน , ปฏิบัติการ , ชำนาญงาน , อาวุโส , ชํานาญการ 4 ชุด 36000 บาท",36000.0,12730,False,60000.0
12867,65048.pdf,57,8,"07102-1 (1) ค่าใช้จ่ายในการสนับสนุนการดำเนินงานของคณะกรรมการชุมชน 4,140,000 บาท",4140000.0,12866,False,-700000.0
12868,65048.pdf,57,9,"07199-10 (2) ค่าใช้จ่ายในการจัดงานวันสำคัญอนุรักษ์สืบสานวัฒนธรรมประเพณี 500,000 บาท",500000.0,12866,False,-700000.0
12869,65048.pdf,57,10,07199-12 (3) ค่าใช้จ่ายในการจัดงานอนุรักษ์สืบสานวัฒนธรรม ประเพณีไทยรามัญ - บางกระดี่ 300000 บาท,300000.0,12866,False,-700000.0
12870,65048.pdf,57,12,"07199-3 (4) ค่าใช้จ่ายศูนย์ประสานงานธนาคารสมองของกรุงเทพมหานคร 10,000 บาท",10000.0,12866,False,-700000.0
12871,65048.pdf,57,13,"07199-4 (5) ค่าใช้จ่ายในการจัดกิจกรรมครอบครัวรักการอ่าน 240,000 บาท",240000.0,12866,False,-700000.0
12872,65048.pdf,57,14,"07199-5 (6) ค่าใช้จ่ายในการส่งเสริมกิจกรรมสโมสรกีฬาและลานกีฬา 2,375,600 บาท",2375600.0,12866,False,-700000.0
12873,65048.pdf,57,15,"07199-6 (7) ค่าใช้จ่ายในการจัดกิจกรรมการออกกำลังกาย 1,107,000 บาท",1107000.0,12866,False,-700000.0
12874,65048.pdf,57,16,07199-7 (8) ค่าใช้จ่ายในการดำเนินงานศูนย์บริการ และถ่ายทอดเทคโนโลยีการเกษตร 230200 บาท,230200.0,12866,False,-700000.0
12875,65048.pdf,57,18,"07199-8 (9) ค่าใช้จ่ายในการบริหารจัดการพิพิธภัณฑ์ท้องถิ่นกรุงเทพมหานคร 1,099,800 บาท",1099800.0,12866,False,-700000.0
12876,65048.pdf,57,19,07199-9 (10) ค่าใช้จ่ายในการส่งเสริมกิจการสภาเด็ก และเยาวชนกรุงเทพมหานคร 180000 บาท,180000.0,12866,False,-700000.0
12877,65048.pdf,58,4,"07199-11 ค่าใช้จ่ายในการล่องเรือกินปฺูดูวิถีชาวทะเลบางขุนเทียน 700,000 บาท",700000.0,12866,False,-700000.0
13003,65048.pdf,65,8,"05101-25 (1) เครื่องปรับอากาศ แบบแยกส่วน (ราคารวมค่าติดตั้ง )  แบบตั้งพื้นหรือ แบบแขวน ขนาด 36,000 ปีทียู 6 เครื่อง 2766600 บาท",2766600.0,13002,False,-2490000.0
13004,65048.pdf,65,11,05105-20 (2) เครื่องคอมพิวเตอร์สำหรับงานสำนักงาน (จอแสดงภาพขนาดไม่น้อยกว่า 19 นิ้ว) พร้อมโปรแกรมระบบปฏิบัติการ (OS) แบบ GGWA ที่มีลิขสิทธิ์ถูกต้องตามกฎหมาย 16 เครื่อง 408160 บาท,408160.0,13002,False,-2490000.0
13005,65048.pdf,65,16,05198-21 (3) เครื่องพิมพ์เลเซอร์หรือ led ขาวดำชนิด network แบบที่ 1 (28 หน้า/นาที) 16 เครื่อง 142400 บาท,142400.0,13002,False,-2490000.0
13006,65048.pdf,65,19,05203-24 (4) เครื่องถ่ายเอกสาร ระบบดิจิตอล (ขาว-ดำ) ความเร็ว 30 แผ่นต่อนาที 2 เครื่อง 210000 บาท,210000.0,13002,False,-2490000.0
13007,65048.pdf,65,21,05218-23 (5) เครื่องพิมพ์ สำเนาระบบดิจิตอล ความละเอียด 3005400 จุดต่อตารางนิ้ว 1 เครื่อง 111000 บาท,111000.0,13002,False,-2490000.0
13008,65048.pdf,65,24,05203-27 (6) เครื่องถ่ายเอกสารระบบดิจิตอล (ขาว-ดำ) ความเร็ว 20 แผ่นต่อนาที 1 เครื่อง 87500 บาท,87500.0,13002,False,-2490000.0
13009,65048.pdf,65,26,05218-28 (7) เครื่องพิมพ์ สำเนาระบบดิจิตอล ความละเอียด 300 % 400 จุดต่อตารางนิ้ว 1 เครื่อง 111000 บาท,111000.0,13002,False,-2490000.0
14086,65050.pdf,60,3,"1.1 เงินเดือน 593,240 บาท",593240.0,14085,False,-600000.0
14092,65050.pdf,60,9,"1.2 ค่าจ้างประจำ_1 64,800 บาท",64800.0,14085,False,-600000.0
14097,65050.pdf,60,14,"1.3 ค่าจ้างชั่วคราว_ 86,400 บาท",86400.0,14085,False,-600000.0
14101,65050.pdf,60,18,"1.4 ค่าตอบแทน ใช้สอยและวัสดุ_ 8,220 บาท",8220.0,14085,False,-600000.0
14155,65050.pdf,64,7,3.1 ค่าครุภัณฑ์ ที่ดินและสิ่งก่อสร้าง 2165900 บาท,2165900.0,14154,False,600000.0
14156,65050.pdf,64,8,"3.1.1 ค่าครุภัณฑ์ 789,900 บาท",789900.0,14155,False,-600000.0
14169,65050.pdf,65,1,"3.1.2 ค่าที่ดินและสิ่งก่อสร้าง 1,976,000 บาท",1976000.0,14155,False,-600000.0
14601,65051.pdf,54,1,"งาน: พัฒนาชุมชนและบริการสังคม 37,631,280 บาท",37631280.0,0,False,6665500.0
14602,65051.pdf,54,2,"1. งบบุคลากร 3,649,680 บาท",3649680.0,14601,False,6665500.0
14615,65051.pdf,54,15,"2. งบดำเนินงาน 11,036,200 บาท",11036200.0,14601,False,6665500.0
14621,65051.pdf,54,33,"3. งบลงทุน 16,279,900 บาท",16279900.0,14601,False,6665500.0
14623,65051.pdf,55,1,"3.1.1 ค่าครุภัณฑ์ 300,100 บาท",300100.0,14622,False,15979800.0
14988,65052.pdf,43,1,"งาน: ดูแลสวนและพื้นที่สีเขียว 17,992,000 บาท",17992000.0,0,False,4343200.0
14989,65052.pdf,43,2,"1. งบบุคลากร 12,600,300 บาท",12600300.0,14988,False,4343200.0
14990,65052.pdf,43,3,"1.1 ค่าจ้างประจำ1 6,993,500 บาท",6993500.0,14989,False,-4343200.0
14995,65052.pdf,43,8,"1.2 ค่าจ้างชั่วคราว 5,256,100 บาท",5256100.0,14989,False,-4343200.0
14999,65052.pdf,43,12,"1.3 ค่าตอบแทน ใช้สอยและวัสดุ_ 350,700 บาท",350700.0,14989,False,-4343200.0
15000,65052.pdf,43,13,"03217-1 เงินสมทบกองทุนประกันสังคม 262,900 บาท",262900.0,14999,False,-4282700.0
15001,65052.pdf,43,14,"03611-1 ค่าเครื่องแต่งกาย 27,300 บาท",27300.0,14999,False,-4282700.0
15002,65052.pdf,43,15,"03128-1 เงินตอบแทนพิเศษของลูกจ้างประจำ 60,500 2. งบดําเนินงาน 4343200 บาท",4343200.0,14999,False,-4282700.0
15003,65052.pdf,43,17,"2.1 ค่าตอบแทน ใช้สอยและวัสดุ 4,314,600 บาท",4314600.0,14989,False,-4343200.0
15007,65052.pdf,43,27,"2.2 ค่าสาธารณญปโภค_ 28,600 บาท",28600.0,14989,False,-4343200.0
15008,65052.pdf,44,1,"3. งบลงทุน 1,048,500 บาท",1048500.0,14988,False,4343200.0
15387,65053.pdf,28,15,02101-1 ค่าจ้างชั่วคราว 5 อัตรา 1177600 บาท,1177600.0,15386,False,-400000.0
15388,65053.pdf,28,16,"02102-1 เงินเพิ่มการครองชีพชั่วคราวของลูกจ้างชั่วคราว 71,000 บาท",71000.0,15386,False,-400000.0
15389,65053.pdf,28,17,"02103-1 เงินช่วยเหลือค่าครองชีพของลูกจ้างชัวคราว 134,400 บาท",134400.0,15386,False,-400000.0
15447,65053.pdf,32,14,03217-1 เงินสมทบกองทุนประกันสังคม 1200 บาท,1200.0,15446,False,6000.0
15448,65053.pdf,32,15,"03611-1 ค่าเครื่องแต่งกาย 1,300 บาท",1300.0,15446,False,6000.0
15472,65053.pdf,34,16,"2.1 ค่าตอบแทน ใช้สอยและวัสดุ 667,300 บาท",667300.0,15471,False,137000.0
15476,65053.pdf,34,28,2.2 ค่าสาธารณูปโภค 137 700 บาท,700.0,15471,False,137000.0
15501,65053.pdf,37,1,"งาน : บริหารทั่วไปฝ่ายรักษาความสะอาด 17,027,870 บาท",17027870.0,0,False,202000.0
15502,65053.pdf,37,2,"1. งบบุคลากร 13,773,280 บาท",13773280.0,15501,False,202000.0
15522,65053.pdf,37,22,"2. งบดำเนินงาน 3,051,860 บาท",3051860.0,15501,False,202000.0
15527,65053.pdf,38,6,3. งบลงทุน 202 730 บาท,730.0,15501,False,202000.0
15528,65053.pdf,38,9,05105-1 (1) เครื่องคอมพิวเตอร์ สําหรับงานสํานักงาน (จอแสดงภาพขนาดไม่น้อยกว่า 19 นิ้ว) พร้อมโปรแกรมระบบปฏิบัติการ (OS) แบบ GGWA ที่มีลิขสิทธิ์ถูกต้องตามกฎหมาย 3 เครื่อง 16530 บาท,16530.0,15527,False,-142000.0
15529,65053.pdf,38,13,05199-2 (2) เครื่องพิมพ์เลเซอร์หรือ  led ขาวดำชนิด network แบบที่ 1 (28 หน้า/นาที) 1 เครื่อง 8900 บาท,8900.0,15527,False,-142000.0
15530,65053.pdf,38,15,"05108-4 (3) ตู้เหล็ก แบบ 2 บาน 2 ตู้ 11,800 บาท",11800.0,15527,False,-142000.0
15531,65053.pdf,38,16,05119-8 (4) เครื่องโทรสาร แบบใช้กระดาษธรรมดา ส่งเอกสารได้ครั้งละ 20 แผ่น 1 เครื่อง 18000 บาท,18000.0,15527,False,-142000.0
15532,65053.pdf,38,18,05203-7 (5) เครื่องถ่ายเอกสาร ระบบ ดิจิตอล (ขาว-ดำ) ความเร็ว 20 แผ่นต่อนาที 1 เครื่อง 87500 บาท,87500.0,15527,False,-142000.0
15551,65053.pdf,39,19,03217-1 เงินสมทบกองทุนประกันสังคม 2766480 บาท,2766480.0,15550,False,-2490000.0
15552,65053.pdf,39,20,"03611-1 ค่าเครื่องแต่งกาย 20,540 บาท",20540.0,15550,False,-2490000.0
15553,65053.pdf,39,21,"03128-1 เงินตอบแทนพิเศษของลูกจ้างประจำ 119,280 บาท",119280.0,15550,False,-2490000.0
15561,65053.pdf,41,1,"งาน : เก็บขยะมูลฝ่อยและขนถ่ายสิงปฏิกูล 50,941,740 บาท",50941740.0,0,False,-19721800.0
15562,65053.pdf,41,2,"1. งบบุคลากร 34,443,470 บาท",34443470.0,15561,False,-19721800.0
15582,65053.pdf,41,22,"2. งบดำเนินงาน 16,473,660 บาท",16473660.0,15561,False,-19721800.0
15587,65053.pdf,42,5,"3. งบลงทุน 24,610 บาท",24610.0,15561,False,-19721800.0
15589,65053.pdf,43,2,"1. งบบุคลากร 13,686,400 บาท",13686400.0,15561,False,-19721800.0
15608,65053.pdf,43,21,"2. งบดำเนินงาน 5,426,900 บาท",5426900.0,15561,False,-19721800.0
15613,65053.pdf,44,1,"3. งบลงทุน 114,000 บาท",114000.0,15561,False,-19721800.0
15615,65053.pdf,44,5,"4. งบรายจ่ายอื่น 494,500 บาท",494500.0,15561,False,-19721800.0
15661,65053.pdf,47,3,"1.1 เงินเดือน 1,288,880 บาท",1288880.0,15660,False,15900.0
15667,65053.pdf,47,9,"1.2 ค่าจ้างประจำ_ 721,140 บาท",721140.0,15660,False,15900.0
15670,65053.pdf,47,12,"1.3 ค่าจ้างชั่วคราว_ 57,620 02101-1 ค่าจ้างชั่วคราว 1 อัตรา 41720 บาท",41720.0,15660,False,15900.0
15671,65053.pdf,47,14,"02102-1 เงินเพิ่มการครองชีพชั่วคราวของลูกจ้างชั่วคราว 6,300 บาท",6300.0,15670,False,25820.0
15672,65053.pdf,47,15,"02103-1 เงินช่วยเหลือค่าครองชีพของลูกจ้างชัวคราว 9,600 บาท",9600.0,15670,False,25820.0
15673,65053.pdf,47,16,"1.4 ค่าตอบแทน ใช้สอยและวัสดุ_ 10,780 บาท",10780.0,15660,False,15900.0
15798,65053.pdf,57,4,01101-1 อัตราเดิม 7 อัตรา 2119020 บาท,2119020.0,15797,False,660000.0
15799,65053.pdf,57,5,"01102-1 เงินเลื่อนขั้น 166,860 บาท",166860.0,15797,False,660000.0
15800,65053.pdf,57,6,"01107-1 เงินค่าตอบแทนรายเดือนของข้าราชการ 25,200 บาท",25200.0,15797,False,660000.0
15958,65053.pdf,67,10,05218-9 10 เครื่องพิมพ์สําเนาระบบดิจิตอล ความละเอียด 300 400 จุดต่อตารางนิ้ว 1 เครื่อง 111000 บาท,111000.0,15957,False,30100.0
15959,65053.pdf,67,13,05108-12 (2) ตู้ เหล็กแบบ 2 บาน 2 ตู้ (โรงเรียนวัดบางเตย) 11800 บาท,11800.0,15957,False,30100.0
15960,65053.pdf,67,15,05199-13 (3) เวที สำเร็จรูปพร้อมบันได ขนาดไม่น้อยกว่า 4.8 x 14 ม. มีบันไดขึ้นลง 2 ด้าน 1 ชุด 499500 บาท,499500.0,15957,False,30100.0
15961,65053.pdf,67,18,05199-14 (4) โทรทัศน์ แอล อี ดี (led t) แบบ smart w ระดับความละเอียดจอภาพ 3840 % 2160 พิกเซล ขนาด 55 นิ้ว 8 เครื่อง 159200 บาท,159200.0,15957,False,30100.0
15962,65053.pdf,67,24,"05101-33 (6) เครื่องปรับอากาศ แบบแยกส่วน (ราคารวมค่าติดตั้ง) แบบตั้งพื้นหรือแบบแขวน ขนาด 40,000 บีทียู 6 เครื่อง 306000 บาท",306000.0,15957,False,30100.0
15963,65053.pdf,67,27,"05101-34 (7) เครื่องปรับอากาศ แบบแยกส่วน (ราคารวมค่าติดตั้ง) แบบตั้งพื้นหรือแบบแขวน (ระบบ 1 71418 40,000 บีทียู 1 เครื่อง 60100 บาท",60100.0,15957,False,30100.0
15964,65053.pdf,67,30,"05101-35 (8) เครื่องปรับอากาศ แบบแยกส่วน (ราคารวมค่าติดตั้ง) แบบ ตั้ง พื้นหรือ แบบแขวน ขนาด 13,000 บีที่ยู 1 เครื่อง 21000 บาท",21000.0,15957,False,30100.0
15969,65053.pdf,68,5,07199-1 (1) ค่าใช้จ่ายในการประชุมครู 12400 บาท,12400.0,15968,False,60600.0
15970,65053.pdf,68,6,"07199-2 (2) ค่าใช้จ่ายโครงการเกษตรปลอดสารพิษ 15,000 บาท",15000.0,15968,False,60600.0
15971,65053.pdf,68,7,07199-3 (3) ค่าใช้จ่ายในการฝึกอบรมนายหมู่ลูกเสือสามัญฺสามัญรุ่นใหญ่ และ หัวหน้าหน่วยยุวกาชาด 169500 บาท,169500.0,15968,False,60600.0
15972,65053.pdf,68,9,07199-4 (4) ค่าใช้จ่ายโตามครงการเรียนฟรี เรียนดือย่างมีคุณภาพ โรงเรียนสังกัดกรุงเทพมหานคร 4245000 บาท,4245000.0,15968,False,60600.0
15973,65053.pdf,68,11,07124-1 (5) ค่าใช้จ่ายในการจัดประชุมสัมมนาคณะกรรมการสถานศึกษาขั้นพื้นฐาน โรงเรียนสังกัดกรุงเทพมหานคร 14100 บาท,14100.0,15968,False,60600.0
15974,65053.pdf,68,13,"07109-1 (6) ค่าใช้จ่ายในการพัฒนาคุณภาพการดำเนินงานศูนย์วิชาการเขต 28,600 บาท",28600.0,15968,False,60600.0
15975,65053.pdf,68,14,07125-1 (7) ค่าใช้จ่ายในการสัมมนาประธานกรรมการเครือข่ายผู้ปกครอง เพื่อพัฒนาโรงเรียนสังกัดกรุงเทพมหานคร 19500 บาท,19500.0,15968,False,60600.0
15976,65053.pdf,68,16,"07126-1 (8) ค่าใช้จ่ายในการส่งเสริมสนับสนุนให้นักเรียนสร้างสรรค์ผลงานเพือการเรียนรู้ 108,800 บาท",108800.0,15968,False,60600.0
17302,65056.pdf,31,27,05105-1 (1) เครื่องคอมพิวเตอร์ สำหรับงานสำนักงาน (จอแสดงภาพขนาดไม่น้อยกว่า 19 นิ้ว) พร้อมโปรแกรมระบบปฏิบัติการ 09 แบบ GGWA ที่มีลิขสิทธิ์ถูกต้องตามกฎหมาย 3  เครื่อง 16530 บาท,16530.0,17301,False,60000.0
17303,65056.pdf,31,32,05199-2 (2) เครื่องพิมพ์เลเซอร์ หรือ led ขาวดำ ชนิด 6 0 7 2 38 หน้า/นาที) 1  เครื่อง 15000 บาท,15000.0,17301,False,60000.0
17304,65056.pdf,32,1,05203-4 (3) เครื่องถ่ายเอกสารระบบดิจิตอล (ขาว-ดำ) ความเร็ว 20 แผ่นต่อนาที 1 เครื่อง 87500 บาท,87500.0,17301,False,60000.0
17573,65056.pdf,47,7,07102-1 (1) ค่าใช้จ่ายในการสนับสนุนการดำเนินงาน ของคณะกรรมการชุมชน 3390000 บาท,3390000.0,17572,False,600000.0
17574,65056.pdf,47,9,07199-1 (2) ค่าใช้จ่ายศูนย์ประสานงานธนาคารสมอง ของกรุงเทพมหานคร 10000 บาท,10000.0,17572,False,600000.0
17575,65056.pdf,47,11,07199-2 (3) ค่าใช้จ่ายในการจัดงานวันสำคัญ อนุรักษ์สืบสานวัฒนธรรมประเพณี 500000 บาท,500000.0,17572,False,600000.0
17576,65056.pdf,47,13,07199-9 (4) ค่าใช้จ่ายในการบริหารจัดการพิพิธภัณฑ์ ท้องถิ่นกรุงเทพมหานคร 130400 บาท,130400.0,17572,False,600000.0
17577,65056.pdf,47,15,"07199-11 (5) ค่าใช้จ่ายในการจัดงานแหเรือชักพระ 125,000 บาท",125000.0,17572,False,600000.0
17700,65056.pdf,53,1,"งาน: งบประมาณโรงเรียน 33,176,340 บาท",33176340.0,0,False,1823600.0
17701,65056.pdf,53,3,"1.1 เงินเดือน 2,750,020 บาท",2750020.0,17700,False,1823600.0
17707,65056.pdf,53,9,"1.2 ค่าจ้างประจำ_ 2,504,250 บาท",2504250.0,17700,False,1823600.0
17712,65056.pdf,54,1,"1.3 ค่าจ้างชั่วคราว_ 1,814,400 บาท",1814400.0,17700,False,1823600.0
17716,65056.pdf,54,5,"1.4 ค่าตอบแทน ใช้สอยและวัสดุ_ 151,200 บาท",151200.0,17700,False,1823600.0
17718,65056.pdf,54,7,"2. งบดำเนินงาน 10,858,570 บาท",10858570.0,17700,False,1823600.0
17724,65056.pdf,54,25,"3. งบลงทุน 3,160,300 บาท",3160300.0,17700,False,1823600.0
17743,65056.pdf,56,15,"4. งบเงินอุดหนุน 10,114,000 บาท",10114000.0,17700,False,1823600.0
17744,65056.pdf,56,16,"06104-1 ทุนอาหารกลางวันนักเรียน 2,557,000 บาท",2557000.0,17743,False,4176400.0
17745,65056.pdf,56,17,06199-1 ค่าอาหารเช้าของนักเรียนในโรงเรียนสังกัดกรุงเทพมหานคร 1557000 บาท,1557000.0,17743,False,4176400.0
17746,65056.pdf,56,20,"07103-1 (1) ค่าใช้จ่ายในการประชุมครู 4,400 บาท",4400.0,17743,False,4176400.0
17747,65056.pdf,56,21,07103-2 (2) ค่าใช้จ่ายในการฝึกอบรมนายหมู่ลูกเสือสามัญ สามัญรุ่นใหญ่ และหัวหน้าหน่วยยุวกาชาด 113000 บาท,113000.0,17743,False,4176400.0
17748,65056.pdf,56,23,07109-1 (3) ค่าใช้จ่ายในการพัฒนาคุณภาพการดำเนินงาน ศูนย์วิชาการเขต 27400 บาท,27400.0,17743,False,4176400.0
17749,65056.pdf,56,25,07199-1 (4) ค่าใช้จ่ายตามโครงการเรียนฟรี เรียนดี อย่างมี คุณภาพโรงเรียนสังกัดกรุงเทพมหานคร 1511400 บาท,1511400.0,17743,False,4176400.0
17750,65056.pdf,56,27,07124-1 (5) ค่าใช้จ่ายในการจัดประชุมสัมมนาคณะกรรมการ สถานศึกษาขั้นพื้นฐานโรงเรียนสังกัดกรุงเทพมหานคร 68100 บาท,68100.0,17743,False,4176400.0
17751,65056.pdf,56,29,07125-1 (6) ค่าใช้จ่ายในการสัมมนาประธานกรรมการเครือข่าย ผู้ปกครองเพื่อพัฒนาโรงเรียนสังกัดกรุงเทพมหานคร 15600 บาท,15600.0,17743,False,4176400.0
17752,65056.pdf,56,31,07126-1 (7) ค่าใช้จ่ายในการส่งเสริมสนับสนุนให้นักเรียน สร้างสรรค์ผลงานเพื่อการเรียนรู้ 83700 บาท,83700.0,17743,False,4176400.0
17954,65057.pdf,38,17,03282-1 ค่าเช่าที่ดินเพื่อใช้เป็นที่จอดรถเก็บขนมูลฝ่อย (ด้านทิศเหนือ) 402000 บาท,402000.0,17953,False,596760.0
17955,65057.pdf,39,16,03282-1 ค่าเช่าที่ดินเพื่อใช้เป็นที่จอดรถเก็บขนมูลฝ่อย (ด้านทิศใต้) 469000 บาท,469000.0,17953,False,596760.0
18324,65058.pdf,26,25,"2.1.1 ค่าตอบแทน 153,760 บาท",153760.0,18323,False,576000.0
18325,65058.pdf,26,27,"2.1.2 ค่าใช้สอย 3,928,400 บาท",3928400.0,18323,False,576000.0
18326,65058.pdf,27,14,"03282-1 ค่าเช่าที่ดินเพื่อเป็นที่ทำการสำนักงานเขตคลองเตย 576,000 บาท",576000.0,18325,False,3352400.0
18327,65058.pdf,27,21,"2.1.3 ค่าวัสดุ 974,500 บาท",974500.0,18323,False,576000.0
19046,65059.pdf,37,15,2.1 ค่าตอบแทน ใช้สอยและวัสดุ 1434900 บาท,1434900.0,19045,False,6000000.0
19047,65059.pdf,37,16,"2.1.1 ค่าตอบแทน 1,322,000 บาท",1322000.0,19046,False,-6000000.0
19048,65059.pdf,37,19,"2.1.2 ค่าใช้สอย 2,103,200 บาท",2103200.0,19046,False,-6000000.0
19049,65059.pdf,37,23,"2.1.3 ค่าวัสดุ 4,009,700 บาท",4009700.0,19046,False,-6000000.0
19050,65059.pdf,37,26,2.2 ค่าสาธารณูปโภค| 241800 บาท,241800.0,19045,False,6000000.0
20039,65061.pdf,28,3,"1.1 เงินเดือน 6,915,200 บาท",6915200.0,20038,False,2600.0
20043,65061.pdf,28,7,"1.2 ค่าจ้างประจำ[ 570,400 บาท",570400.0,20038,False,2600.0
20044,65061.pdf,28,8,"01201-1  อัตราเดิม 2 อัตรา 539,000 บาท",539000.0,20043,False,-2600.0
20045,65061.pdf,28,9,"01202-1 เงินเพิ่มค่าจ้างประจำ 31,400 บาท",31400.0,20043,False,-2600.0
20046,65061.pdf,28,11,"03611-1 2,600 บาท",2600.0,20043,False,-2600.0
20066,65061.pdf,29,16,"2.1 ค่าตอบแทน ใช้สอยและวัสดุ 1,067,400 บาท",1067400.0,20065,False,108000.0
20067,65061.pdf,29,17,"2.1.1 ค่าตอบแทน 310,900 บาท",310900.0,20066,False,532700.0
20068,65061.pdf,29,19,"2.1.2 ค่าใช้สอย 223,800 บาท",223800.0,20066,False,532700.0
20069,65061.pdf,30,1,"งานบริหารทั่วไปและจัดเก็บรายได้ 9,881,900 บาท",9881900.0,0,False,869000.0
20070,65061.pdf,30,2,"1. งบบุคลากร 4,659,300 บาท",4659300.0,20069,False,869000.0
20086,65061.pdf,30,18,"2. งบดำเนินงาน 4,353,600 บาท",4353600.0,20069,False,869000.0
20087,65061.pdf,30,19,"2.1 ค่าตอบแทน ใช้สอยและวัสดุ 1,047,900 บาท",1047900.0,20086,False,3305700.0
20088,65061.pdf,30,20,"2.1.1 ค่าตอบแทน 102,000 บาท",102000.0,20087,False,741000.0
20089,65061.pdf,30,22,"2.1.2 ค่าใช้สอย 204,900 บาท",204900.0,20087,False,741000.0
20090,65061.pdf,31,2,05199-4 (1) เครื่องพิมพ์เลเซอร์ หรือ led ขาวดำชนิด network แบบที่ 2 (38 หน้า/นาที) 1 เครื่อง 15000 บาท,15000.0,20089,False,-664100.0
20091,65061.pdf,31,4,05208-1 (2) รถบรรทุก (เดีเซล) ขนาด 1 ตัน ปริมาตรกระบอกสูบ 1 2.400 ซีซี หรือกําลังเครื่องยนต์สูงสุด ไม่ตัํากว่า 110 กิโลวัตต์ ขับเคลื่อน 2 ล้อ แบบดับเจิ้ลแค็บ 1 คัน 854000 บาท,854000.0,20089,False,-664100.0
20114,65061.pdf,32,23,"2.1 ค่าตอบแทน ใช้สอยและวัสดุ 2,676,430 บาท",2676430.0,20113,False,-2676430.0
20115,65061.pdf,32,24,"2.1 ค่าตอบแทน 1,325,190 บาท",1325190.0,20113,False,-2676430.0
20116,65061.pdf,32,26,"2.2 ค่าใช้สอย 90,680 บาท",90680.0,20113,False,-2676430.0
20117,65061.pdf,32,29,"2.3 ค่าวัสดุ 1,260,560 บาท",1260560.0,20113,False,-2676430.0
20166,65061.pdf,35,23,"2.1 ค่าตอบแทน ใช้สอยและวัสดุ 21,724,135 บาท",21724135.0,20165,False,-21724135.0
20167,65061.pdf,35,24,"2.1 ค่าตอบแทน 10,848,345 บาท",10848345.0,20165,False,-21724135.0
20168,65061.pdf,35,29,"2.2 ค่าใช้สอย 231,520 บาท",231520.0,20165,False,-21724135.0
20169,65061.pdf,35,31,"2.3 ค่าวัสดุ 10,644,270 บาท",10644270.0,20165,False,-21724135.0
20191,65061.pdf,36,22,"2.1 ค่าตอบแทน ใช้สอยและวัสดุ 5,000,000 บาท",5000000.0,20190,False,-5000000.0
20192,65061.pdf,36,23,"2.1 ค่าตอบแทน 1,034,700 บาท",1034700.0,20190,False,-5000000.0
20193,65061.pdf,36,25,"2.2 ค่าใช้สอย 385,200 บาท",385200.0,20190,False,-5000000.0
20194,65061.pdf,36,28,"2.3 ค่าวัสดุ 3,580,100 บาท",3580100.0,20190,False,-5000000.0
20238,65061.pdf,38,20,"2.1 ค่าตอบแทน ใช้สอยและวัสดุ 3,126,780 บาท",3126780.0,20237,False,-3126780.0
20239,65061.pdf,38,21,"2.1 ค่าตอบแทน 2,073,420 บาท",2073420.0,20237,False,-3126780.0
20240,65061.pdf,38,23,"2.2 ค่าใช้สอย 97,760 บาท",97760.0,20237,False,-3126780.0
20241,65061.pdf,38,25,"2.3 ค่าวัสดุ 955,600 บาท",955600.0,20237,False,-3126780.0
20262,65061.pdf,39,21,"2.1 ค่าตอบแทน ใช้สอยและวัสดุ 2,630,270 บาท",2630270.0,20261,False,-2630270.0
20263,65061.pdf,39,22,"2.1 ค่าตอบแทน 398,550 บาท",398550.0,20261,False,-2630270.0
20264,65061.pdf,39,24,"2.2 ค่าใช้สอย 2,010,500 บาท",2010500.0,20261,False,-2630270.0
20265,65061.pdf,39,27,"2.3 ค่าวัสดุ 221,220 บาท",221220.0,20261,False,-2630270.0
20414,65061.pdf,47,23,"2.1 ค่าตอบแทน ใช้สอยและวัสดุ 355,400 บาท",355400.0,20413,False,2560.0
20415,65061.pdf,47,24,"2.1.1 ค่าใช้สอย 71,000 บาท",71000.0,20414,False,284400.0
20486,65061.pdf,50,22,"2.1 ค่าตอบแทน ใช้สอยและวัสดุ 7,131,832 บาท",7131832.0,20485,False,1953450.0
22199,65065.pdf,29,18,05198-2 (1) เครื่องพิมพ์ multifunction แบบฉีดหมึก พร้อมติดตั้งถังหมึกพิมพ์ (|ก๒ โลก6 1 1 เครื่อง 1500 บาท,1500.0,22198,False,6000.0
22200,65065.pdf,29,20,05203-3 (2) เครื่องถ่ายเอกสาร ระบบดิจิตอล (ขาว-ดำ) ความเร็ว 30 แผ่นต่อนาที 1 เครื่อง 105000 บาท,105000.0,22198,False,6000.0
22201,65065.pdf,29,22,05105-1 (3) เครื่องคอมพิวเตอร์ สำหรับงานสำนักงาน (จอแสดงภาพ ขนาดไม่น้อยกว่า 19 นิ้ว) พร้อมโปรแกรม ระบบปฏิบัติการ 05 แบบ GGWA ที่มีลิขสิทธิ์ถูกต้องตามกฎหมาย 1 เครื่อง 25510 บาท,25510.0,22198,False,6000.0
22202,65065.pdf,30,1,05105-12 (4) เครื่องคอมพิวเตอร์ สำหรับงานประมวลผล แบบที่ 2 (จอแสดงภาพขนาดไม่น้อยกว่า 19 นิ้ว) พร้อมโปรแกรม ระบบปฏิบัติการ 05 แบบ GGWA ที่มีลิขสิทธิ์ถูกต้องตามกฎหมาย 1 เครื่อง 38510 บาท,38510.0,22198,False,6000.0
22203,65065.pdf,30,5,05134-6 (5) กล้องถ่ายรูปอัตโนมัติระบบดิจิตอล ความละเอียด ไม่ตํากว่า 24.2 ล้านพิกเซล ระบบโฟกัส 45 จุด 1 กล้อง 38900 บาท,38900.0,22198,False,6000.0
22204,65065.pdf,30,7,"05143-4 (6) โต๊ะทำงานระดับปฏิบัติงาน,ปฏิบัติการ,ชำนาญงาน, อาวุโส,ชํานาญการ 1 ตัว 6200 บาท",6200.0,22198,False,6000.0
22205,65065.pdf,30,9,"05152-9 (7) เครืองโทรศัพท์ 13 เครื่อง 16,900 บาท",16900.0,22198,False,6000.0
22206,65065.pdf,30,10,"05198-13 (8) เครื่องพิมพ์ multifunction เลเซอร์ หรือ  led ขาวดำ2 เครื่อง 20,000 บาท",20000.0,22198,False,6000.0
22207,65065.pdf,30,11,"05198-7 (9) ตู้ลำโพงล้อลาก ขนาดหน้าจอไม่น้อยกว่า 14 เนิ้ว 2 เครื่อง 15,600 บาท",15600.0,22198,False,6000.0
22208,65065.pdf,30,12,"05198-8 (10) ขาตั้งไมโครโฟน 2 ตัว 4,600 บาท",4600.0,22198,False,6000.0
22464,65065.pdf,50,4,05105-10 (1) เครื่องคอมพิวเตอร์ สำหรับงานสำนักงาน (จอแสดงภาพขนาดไม่น้อยกว่า 19 นิ้ว) พร้อมโปรแกรม ระบบปฏิบัติการ (OS) แบบ ๐6ผิ ที่มีลิขสิทธิ์ถูกต้องตามกฎหมาย 2 เครื่อง 51020 บาท,51020.0,22463,False,6000.0
22465,65065.pdf,50,8,05105-9 (2) เครื่องคอมพิวเตอร์ สำหรับงานประมวลผล แบบที่ 2 (จอแสดงภาพขนาดไม่น้อยกว่า 19 นิ้ว) พร้อมโปรแกรม ระบบปฏิบัติการ 05 แบบ GGWA ที่มีลิขสิทธิ์ ถูกต้องตามกฎหมาย 2 เครื่อง 71020 บาท,71020.0,22463,False,6000.0
23329,65067.pdf,28,17,"2.1.1 ค่าตอบแทน 544,100 บาท",544100.0,23328,False,426500.0
23330,65067.pdf,28,19,"2.1.2 ค่าใช้สอย 388,500 บาท",388500.0,23328,False,426500.0
23346,65067.pdf,29,16,"2.1 ค่าตอบแทน ใช้สอยและวัสดุ 750,000 บาท",750000.0,23345,False,230000.0
23347,65067.pdf,29,17,"2.1.1 ค่าตอบแทน 267,400 บาท",267400.0,23346,False,308900.0
23348,65067.pdf,29,19,"2.1.2 ค่าใช้สอย 173,700 บาท",173700.0,23346,False,308900.0
23364,65067.pdf,31,14,"2.1 ค่าตอบแทน ใช้สอยและวัสดุ 427,900 บาท",427900.0,23363,False,4446700.0
23365,65067.pdf,31,15,"2.1.1 ค่าตอบแทน 72,000 บาท",72000.0,23364,False,182200.0
23366,65067.pdf,31,17,"2.1.2 ค่าใช้สอย 173,700 บาท",173700.0,23364,False,182200.0
23486,65067.pdf,40,16,"2.1.1 ค่าตอบแทน 417,912 บาท",417912.0,23485,False,450000.0
23487,65067.pdf,40,19,"2.1.2 ค่าใช้สอย 91,100 บาท",91100.0,23485,False,450000.0
23535,65067.pdf,43,14,"2.1.1 ค่าตอบแทน 439,340 บาท",439340.0,23534,False,72300.0
23619,65067.pdf,50,15,"2.1 ค่าตอบแทน ใช้สอยและวัสดุ 8,752,900 บาท",8752900.0,23618,False,75600.0
23759,65067.pdf,58,13,"07199-2 (1) ค่าใช้จ่ายโครงการเกษตรปลอดสารพิษ 20,000 บาท",20000.0,23758,False,600.0
23760,65067.pdf,58,14,07199-5 (2) ค่าใช้จ่ายตามโครงการเรียนฟรี เรียนดี อย่างมีคุณภาพ โรงเรียนสังกัดกรุงเทพมหานคร 7 651800 บาท,7651800.0,23758,False,600.0
23761,65067.pdf,58,16,07199-8 (3) ค่าใช้จ่ายในการจัดประชุมสัมมนาคณะกรรมการสถานศึกษา ขั้นพื้นฐานโรงเรียนสังกัดกรุงเทพมหานคร 81300 บาท,81300.0,23758,False,600.0
23762,65067.pdf,58,18,07199-9 (4) ค่าใช้จ่ายในการสัมมนาประธานกรรมการเครือข่าย ผู้ปกครองเพื่อพัฒนาโรงเรียนสังกัดกรุงเทพมหานคร 22100 บาท,22100.0,23758,False,600.0
23763,65067.pdf,58,20,07199-10 (5) ค่าใช้จ่ายในการส่งเสริมสนับสนุนให้นักเรียนสร้างสรรค์ ผลงานเพื่อการเรียนรู้ 127900 บาท,127900.0,23758,False,600.0
23827,65068.pdf,31,3,1.1 เงินเดือน 1329000 บาท,1329000.0,23826,False,6000000.0
23828,65068.pdf,31,4,"01101-1  อัตราเดิม 17 อัตรา 6,869,500 บาท",6869500.0,23827,False,-6000000.0
23829,65068.pdf,31,5,"01102-1 เงินเลื่อนขั้น 412,200 บาท",412200.0,23827,False,-6000000.0
23830,65068.pdf,31,6,"01107-1 เงินค่าตอบแทนรายเดือนของข้าราชการ 42,000 บาท",42000.0,23827,False,-6000000.0
23831,65068.pdf,31,7,"01108-1 เงินเพิ่มการครองชีพชั่วคราวของข้าราชการ 4,400 บาท",4400.0,23827,False,-6000000.0
23832,65068.pdf,31,8,01109-1 เงินช่วยเหลือค่าครองชีพของข้าราชการ 900 บาท,900.0,23827,False,-6000000.0
23833,65068.pdf,31,9,1.2 ค่าจ้างประจํา 242200 บาท,242200.0,23826,False,6000000.0
23836,65068.pdf,31,12,1.3 ค่าตอบแทน ใช้สอยและวัสดุ[ 1200 บาท,1200.0,23826,False,6000000.0
26748,65073.pdf,37,3,"1.1 เงินเดือน 353,300 บาท",353300.0,26747,False,16867600.0
26749,65073.pdf,37,4,"01101-1  อัตราเดิม 2 อัตรา 324,300 บาท",324300.0,26748,False,-33733000.0
26750,65073.pdf,37,5,"01102-1 เงินเลื่อนขั้น 19,500 บาท",19500.0,26748,False,-33733000.0
26751,65073.pdf,37,6,"01108-1 เงินเพิ่มการครองชีพชั่วคราวของข้าราชการ 7,300 บาท",7300.0,26748,False,-33733000.0
26752,65073.pdf,37,7,"01109-1 เงินช่วยเหลือค่าครองชีพของข้าราชการ 2,200 1.2 ค่าจ้างประจํา 16867600 บาท",16867600.0,26748,False,-33733000.0
26753,65073.pdf,37,9,"01201-1  อัตราเดิม 75 อัตรา 15,903,300 บาท",15903300.0,26748,False,-33733000.0
26754,65073.pdf,37,10,"01202-1 เงินเพิ่มค่าจ้างประจำ 689,400 บาท",689400.0,26748,False,-33733000.0
26755,65073.pdf,37,11,"01205-1 เงินเพิ่มการครองชีพชั่วคราวของลูกจ้างประจำ 185,100 บาท",185100.0,26748,False,-33733000.0
26756,65073.pdf,37,12,"01206-1 เงินช่วยเหลือค่าครองชีพของลูกจ้างประจำ 89,800 บาท",89800.0,26748,False,-33733000.0
26757,65073.pdf,37,13,"1.3 ค่าจ้างชั่วคราว 8,904,100 บาท",8904100.0,26747,False,16867600.0
26761,65073.pdf,37,17,"1.4 ค่าตอบแทน ใช้สอยและวัสดุ 720,200 บาท",720200.0,26747,False,16867600.0
27808,65075.pdf,33,3,05198-1 22000 บาท,22000.0,27807,False,-22000.0
27809,65075.pdf,33,4,05198-1 เครื่องพิมพ์ชนิด Dot Matrix Printer แบบแคร่สั้น #1 เครื่อง 22000 บาท,22000.0,27807,False,-22000.0
