,job,L1,L2,L3,amount
0,งานอํานวยการและบริหารสํานักงานเขต,"1. งบบุคลากร 5,716,350 บาท","1.1 เงินเดือน 3,648,750 บาท","01101-2 อัตราเดิม 10 อัตรา 3,178,850 บาท","3,178,850"
1,งานอํานวยการและบริหารสํานักงานเขต,"1. งบบุคลากร 5,716,350 บาท","1.1 เงินเดือน 3,648,750 บาท","01102-1 เงินเลื่อนขั้น 190,750 บาท","190,750"
2,งานอํานวยการและบริหารสํานักงานเขต,"1. งบบุคลากร 5,716,350 บาท","1.1 เงินเดือน 3,648,750 บาท","01106-1 เงินประจําตําแหน่ง 127,200 บาท","127,200"
3,งานอํานวยการและบริหารสํานักงานเขต,"1. งบบุคลากร 5,716,350 บาท","1.1 เงินเดือน 3,648,750 บาท","01107-1 เงินค่าตอบแทนรายเดือนของข้าราชการ 148,200 บาท","148,200"
4,งานอํานวยการและบริหารสํานักงานเขต,"1. งบบุคลากร 5,716,350 บาท","1.1 เงินเดือน 3,648,750 บาท",01108-1 เงินเพิ่มการครองชีพชั่วคราวของข้าราชการ 2900 บาท,2900
5,งานอํานวยการและบริหารสํานักงานเขต,"1. งบบุคลากร 5,716,350 บาท","1.1 เงินเดือน 3,648,750 บาท",01109-1 เงินช่วยเหลือค่าครองชีพของข้าราชการ 850 บาท,850
6,งานอํานวยการและบริหารสํานักงานเขต,"1. งบบุคลากร 5,716,350 บาท","1.2 ค่าจ้างประจํา 1,706,650 บาท","01201-1 อัตราเดิม 9 อัตรา 1,.586,700 บาท","1,.586,700"
7,งานอํานวยการและบริหารสํานักงานเขต,"1. งบบุคลากร 5,716,350 บาท","1.2 ค่าจ้างประจํา 1,706,650 บาท","01202-1 เงินเพิ่มค่าจ้างประจํา 72,400 บาท","72,400"
8,งานอํานวยการและบริหารสํานักงานเขต,"1. งบบุคลากร 5,716,350 บาท","1.2 ค่าจ้างประจํา 1,706,650 บาท","01205-1 เงินเพิ่มการครองซีพชั่วคราวของลูกจ้างประจํา 33,050 บาท","33,050"
9,งานอํานวยการและบริหารสํานักงานเขต,"1. งบบุคลากร 5,716,350 บาท","1.2 ค่าจ้างประจํา 1,706,650 บาท","01206-1 เงินช่วยเหลือค่าครองชีพของลูกจ้างประจํา 16,500 บาท","16,500"
10,งานอํานวยการและบริหารสํานักงานเขต,"1. งบบุคลากร 5,716,350 บาท","1.3 ค่าจ้างชั่วคราว 312,000 บาท","02101-1 ค่าจ้างชั่วคราว 3 อัตรา 231,600 บาท","231,600"
11,งานอํานวยการและบริหารสํานักงานเขต,"1. งบบุคลากร 5,716,350 บาท","1.3 ค่าจ้างชั่วคราว 312,000 บาท","02102-1 เงินเพิ่มการครองซีพชั่วคราวของลูกจ้างชั่วคราว 28,400 บาท","28,400"
12,งานอํานวยการและบริหารสํานักงานเขต,"1. งบบุคลากร 5,716,350 บาท","1.3 ค่าจ้างชั่วคราว 312,000 บาท","02103-1 เงินช่วยเหลือค่าครองชีพของลูกจ้างชั่วคราว 52,000 บาท","52,000"
13,งานอํานวยการและบริหารสํานักงานเขต,"1. งบบุคลากร 5,716,350 บาท","1.4 ค่าตอบแทน ใช้สอยและวัสดุ 48,950 บาท","03128-1 เงินตอบแทนพิเศษของลูกจ้างประจํา 15,150 บาท","15,150"
14,งานอํานวยการและบริหารสํานักงานเขต,"1. งบบุคลากร 5,716,350 บาท","1.4 ค่าตอบแทน ใช้สอยและวัสดุ 48,950 บาท","03217-1 เงินสมทบกองทุนประกันสังคม 15,600 บาท","15,600"
15,งานอํานวยการและบริหารสํานักงานเขต,"1. งบบุคลากร 5,716,350 บาท","1.4 ค่าตอบแทน ใช้สอยและวัสดุ 48,950 บาท","03611-1 ค่าเครื่องแต่งกาย 18,200 บาท","18,200"
16,งานอํานวยการและบริหารสํานักงานเขต,"2. งบดําเนินงาน 4,492,110 บาท","2.1 ค่าตอบแทน ใช้สอยและวัสดุ 2917,960 บาท","2.1.1 ค่าตอบแทน 345,960 บาท","345,960"
17,งานอํานวยการและบริหารสํานักงานเขต,"2. งบดําเนินงาน 4,492,110 บาท","2.1 ค่าตอบแทน ใช้สอยและวัสดุ 2917,960 บาท","2.1.2 ค่าใช้สอย 1,718,500 บาท","1,718,500"
18,งานอํานวยการและบริหารสํานักงานเขต,"2. งบดําเนินงาน 4,492,110 บาท","2.1 ค่าตอบแทน ใช้สอยและวัสดุ 2917,960 บาท","2.1.3 ค่าวัสดุ 853,500 บาท","853,500"
19,งานอํานวยการและบริหารสํานักงานเขต,"2. งบดําเนินงาน 4,492,110 บาท","2.2 ค่าสาธารณูปโภค 1574,150 บาท",,"1574,150"
20,งานอํานวยการและบริหารสํานักงานเขต,"3. งบลงทุน 142,320 บาท","05101-3 (1) เครื่องปรับอากาศ แบบแยกส่วน (ราคารวมค่าติดตั้ง) แบบติดผนัง ขนาด 18,000 บีทียู 1 เครื่อง 22,600 บาท",,"22,600"
21,งานอํานวยการและบริหารสํานักงานเขต,"3. งบลงทุน 142,320 บาท","05105-2 (2) เครื่องคอมพิวเตอร์ สําหรับงานสํานักงาน (จอแสดงภาพขนาดไม่น้อยกว่า 19 นิ้ว) พร้อมโปรแกรมระบบปฏิบัติการ (OS) แบบ GGWA ที่มีลิขสิทธิ์ถูกต้องตามกฎหมาย 2 เครื่อง 51,020 บาท",,"51,020"
22,งานอํานวยการและบริหารสํานักงานเขต,"3. งบลงทุน 142,320 บาท",05109-11 (3) ตู้เหล็ก แบบ 4 ลิ้นชัก 3 ตู้ 20700 บาท,,20700
23,งานอํานวยการและบริหารสํานักงานเขต,"3. งบลงทุน 142,320 บาท","05198-4 (4) ตู้เหล็ก บานเลื่อน 6 ตู้ 19,800 บาท",,"19,800"
24,งานปกครอง,"3. งบลงทุน 142,320 บาท","05198-6 (5) เก้าอี้โครงเหล็กบุนวม แบบมีพนักพิง 47 ตัว 28,200 บาท",,"28,200"
25,งานปกครอง,"1. งบบุคลากร 5,698,150 บาท","1.1 เงินเดือน 3,648,750 บาท","01101-2 อัตราเดิม 9 อัตรา 3,178,850 บาท","3,178,850"
26,งานปกครอง,"1. งบบุคลากร 5,698,150 บาท","1.1 เงินเดือน 3,648,750 บาท","01102-1 เงินเลื่อนขั้น 190,750 บาท","190,750"
27,งานปกครอง,"1. งบบุคลากร 5,698,150 บาท","1.1 เงินเดือน 3,648,750 บาท","01106-1 เงินประจําตําแหน่ง 127,200 บาท","127,200"
28,งานปกครอง,"1. งบบุคลากร 5,698,150 บาท","1.1 เงินเดือน 3,648,750 บาท","01107-1 เงินค่าตอบแทนรายเดือนของข้าราชการ 148,200 บาท","148,200"
29,งานปกครอง,"1. งบบุคลากร 5,698,150 บาท","1.1 เงินเดือน 3,648,750 บาท",01108-1 เงินเพิ่มการครองชีพชั่วคราวของข้าราชการ 2900 บาท,2900
30,งานปกครอง,"1. งบบุคลากร 5,698,150 บาท","1.1 เงินเดือน 3,648,750 บาท",01109-1 เงินช่วยเหลือค่าครองชีพของข้าราชการ 850 บาท,850
31,งานปกครอง,"1. งบบุคลากร 5,698,150 บาท","1.2 ค่าจ้างประจํา 1,706,650 บาท","01201-1 อัตราเดิม 8 อัตรา 1,.586,700 บาท","1,.586,700"
32,งานปกครอง,"1. งบบุคลากร 5,698,150 บาท","1.2 ค่าจ้างประจํา 1,706,650 บาท","01202-1 เงินเพิ่มค่าจ้างประจํา 72,400 บาท","72,400"
33,งานปกครอง,"1. งบบุคลากร 5,698,150 บาท","1.2 ค่าจ้างประจํา 1,706,650 บาท","01205-1 เงินเพิ่มการครองซีพชั่วคราวของลูกจ้างประจํา 33,050 บาท","33,050"
34,งานปกครอง,"1. งบบุคลากร 5,698,150 บาท","1.2 ค่าจ้างประจํา 1,706,650 บาท","01206-1 เงินช่วยเหลือค่าครองชีพของลูกจ้างประจํา 16,500 บาท","16,500"
35,งานปกครอง,"1. งบบุคลากร 5,698,150 บาท","1.3 ค่าจ้างชั่วคราว 312,000 บาท","02101-1 ค่าจ้างชั่วคราว 2 อัตรา 231,600 บาท","231,600"
36,งานปกครอง,"1. งบบุคลากร 5,698,150 บาท","1.3 ค่าจ้างชั่วคราว 312,000 บาท","02102-1 เงินเพิ่มการครองซีพชั่วคราวของลูกจ้างชั่วคราว 28,400 บาท","28,400"
37,งานปกครอง,"1. งบบุคลากร 5,698,150 บาท","1.3 ค่าจ้างชั่วคราว 312,000 บาท","02103-1 เงินช่วยเหลือค่าครองชีพของลูกจ้างชั่วคราว 52,000 บาท","52,000"
38,งานปกครอง,"1. งบบุคลากร 5,698,150 บาท","1.4 ค่าตอบแทน ใช้สอยและวัสดุ 30,750 บาท","03128-1 เงินตอบแทนพิเศษของลูกจ้างประจํา 15,150 บาท","15,150"
39,งานปกครอง,"1. งบบุคลากร 5,698,150 บาท","1.4 ค่าตอบแทน ใช้สอยและวัสดุ 30,750 บาท","03217-1 เงินสมทบกองทุนประกันสังคม 15,600 บาท","15,600"
40,งานปกครอง,"2. งบดําเนินงาน 1,612,590 บาท","2.1 ค่าตอบแทน ใช้สอยและวัสดุ 38,440 บาท",,"38,440"
41,งานปกครอง,"2. งบดําเนินงาน 1,612,590 บาท","2.2 ค่าสาธารณูปโภค 1574,150 บาท",,"1574,150"
42,งานปกครอง,"3. งบรายจ่ายอื่น 457,600 บาท","07103-1 (1) ค่าใช้จ่ายในการฝึกอบรมอาสาสมัคร ป้องกันภัยฝ่ายพลเรือน (หลักสูตรหลัก) 64,100 บาท",,"64,100"
43,งานปกครอง,"3. งบรายจ่ายอื่น 457,600 บาท","07103-2 (2) ค่าใช้จ่ายในการฝึกอบรมอาสาสมัคร ป้องกันภัยฝ่ายพลเรื่อน (หลักสูตรทบทวน) 41,500 บาท",,"41,500"
44,งานบริหารทั่วไปและบริการทะเบียน,"3. งบรายจ่ายอื่น 457,600 บาท","07110-1 3 ค่าใช้จ่ายเกี่ยวกับการสนับสนุนกิจการ อาสาสมัครป้องกันภัยฝ่ายพลเรือน 352,000 บาท",,"352,000"
45,งานบริหารทั่วไปและบริการทะเบียน,"1. งบบุคลากร 201,500 บาท","1.1 เงินเดือน 7,038,200 บาท","01101-1 อัตราเดิม 17 อัตรา 6,587,900 บาท","6,587,900"
46,งานบริหารทั่วไปและบริการทะเบียน,"1. งบบุคลากร 201,500 บาท","1.1 เงินเดือน 7,038,200 บาท","01102-1 เงินเลื่อนขั้น 395,300 บาท","395,300"
47,งานบริหารทั่วไปและบริการทะเบียน,"1. งบบุคลากร 201,500 บาท","1.1 เงินเดือน 7,038,200 บาท","01107-1 เงินค่าตอบแทนรายเดือนของข้าราชการ 42,000 บาท","42,000"
48,งานบริหารทั่วไปและบริการทะเบียน,"1. งบบุคลากร 201,500 บาท","1.1 เงินเดือน 7,038,200 บาท","01108-1 เงินเพิ่มการครองชีพชั่วคราวของข้าราชการ 8,000 บาท","8,000"
49,งานบริหารทั่วไปและบริการทะเบียน,"1. งบบุคลากร 201,500 บาท","1.1 เงินเดือน 7,038,200 บาท","01109-1 เงินช่วยเหลือค่าครองชีพของข้าราชการ 5,000 บาท","5,000"
50,งานบริหารทั่วไปและบริการทะเบียน,"1. งบบุคลากร 201,500 บาท","1.2 ค่าจ้างประจํา 162,000 บาท","01201-1 อัตราเดิม 1 อัตรา 116,200 บาท","116,200"
51,งานบริหารทั่วไปและบริการทะเบียน,"1. งบบุคลากร 201,500 บาท","1.2 ค่าจ้างประจํา 162,000 บาท","01202-1 เงินเพิ่มค่าจ้างประจํา 7,000 บาท","7,000"
52,งานบริหารทั่วไปและบริการทะเบียน,"1. งบบุคลากร 201,500 บาท","1.2 ค่าจ้างประจํา 162,000 บาท","01205-1 เงินเพิ่มการครองซีพชั่วคราวของลูกจ้างประจํา 24,000 บาท","24,000"
53,งานบริหารทั่วไปและบริการทะเบียน,"1. งบบุคลากร 201,500 บาท","1.2 ค่าจ้างประจํา 162,000 บาท","01206-1 เงินช่วยเหลือค่าครองชีพของลูกจ้างประจํา 14,800 บาท","14,800"
54,งานบริหารทั่วไปและบริการทะเบียน,"1. งบบุคลากร 201,500 บาท","1.3 ค่าตอบแทน ใช้สอยและวัสดุ 1,300 บาท","03611-1 ค่าเครื่องแต่งกาย 1,300 บาท","1,300"
55,งานบริหารทั่วไปและบริการทะเบียน,"2. งบดําเนินงาน 895,200 บาท","2.1 ค่าตอบแทน 354,000 บาท",,"354,000"
56,งานบริหารทั่วไปและบริการทะเบียน,"2. งบดําเนินงาน 895,200 บาท","2.2 ค่าใช้สอย 405,800 บาท",,"405,800"
57,งานบริหารทั่วไปและบริการทะเบียน,"2. งบดําเนินงาน 895,200 บาท","2.3 ค่าวัสดุ 135,400 บาท",,"135,400"
58,งานบริหารทั่วไปและบริการทะเบียน,"3. งบลงทุน 65,400 บาท","05198-1 1 เก้าอี้ไม่มีล้อ มีท้าวแขนและพนักพิง 18 ตัว 32,400 บาท",,"32,400"
59,งานบริหารทั่วไปและบริหารการคลัง,"3. งบลงทุน 65,400 บาท","05198-2 (2) เก้าอี้เหล็กหมุนมีพนักพิง แบบปรับระดับได้ 15 ตัว 33,000 บาท",,"33,000"
60,งานบริหารทั่วไปและบริหารการคลัง,"1. งบบุคลากร 4,494,300 บาท","1.1 เงินเดือน 4,055,400 บาท","01101-1 อัตราเดิม 15 อัตรา 3,7649,500 บาท","3,7649,500"
61,งานบริหารทั่วไปและบริหารการคลัง,"1. งบบุคลากร 4,494,300 บาท","1.1 เงินเดือน 4,055,400 บาท","01102-1 เงินเลื่อนขั้น 225,000 บาท","225,000"
62,งานบริหารทั่วไปและบริหารการคลัง,"1. งบบุคลากร 4,494,300 บาท","1.1 เงินเดือน 4,055,400 บาท","01107-1 เงินค่าตอบแทนรายเดือนของข้าราชการ 42,000 บาท","42,000"
63,งานบริหารทั่วไปและบริหารการคลัง,"1. งบบุคลากร 4,494,300 บาท","1.1 เงินเดือน 4,055,400 บาท","01108-1 เงินเพิ่มการครองชีพชั่วคราวของข้าราชการ 24,000 บาท","24,000"
64,งานบริหารทั่วไปและบริหารการคลัง,"1. งบบุคลากร 4,494,300 บาท","1.1 เงินเดือน 4,055,400 บาท","01109-1 เงินช่วยเหลือค่าครองชีพของข้าราชการ 14,900 บาท","14,900"
65,งานบริหารทั่วไปและบริหารการคลัง,"1. งบบุคลากร 4,494,300 บาท","1.2 ค่าจ้างประจํา 345,300 บาท","01201-1 อัตราเดิม 2 อัตรา 313,500 บาท","313,500"
66,งานบริหารทั่วไปและบริหารการคลัง,"1. งบบุคลากร 4,494,300 บาท","1.2 ค่าจ้างประจํา 345,300 บาท","01202-1 เงินเพิ่มค่าจ้างประจํา 18,800 บาท","18,800"
67,งานบริหารทั่วไปและบริหารการคลัง,"1. งบบุคลากร 4,494,300 บาท","1.2 ค่าจ้างประจํา 345,300 บาท","01205-1 เงินเพิ่มการครองซีพชั่วคราวของลูกจ้างประจํา 8,000 บาท","8,000"
68,งานบริหารทั่วไปและบริหารการคลัง,"1. งบบุคลากร 4,494,300 บาท","1.2 ค่าจ้างประจํา 345,300 บาท","01206-1 เงินช่วยเหลือค่าครองชีพของลูกจ้างประจํา 5,000 บาท","5,000"
69,งานบริหารทั่วไปและบริหารการคลัง,"1. งบบุคลากร 4,494,300 บาท","1.3 ค่าตอบแทน ใช้สอยและวัสดุ 93,600 บาท",03293-1 เงินสมทบเข้ากองทุนเงินทดแทน 92300 บาท,92300
70,งานบริหารทั่วไปและบริหารการคลัง,"1. งบบุคลากร 4,494,300 บาท","1.3 ค่าตอบแทน ใช้สอยและวัสดุ 93,600 บาท","03611-1 ค่าเครื่องแต่งกาย 1,300 บาท","1,300"
71,งานบริหารทั่วไปและบริหารการคลัง,"2. งบดําเนินงาน 862,100 บาท","2.1 ค่าตอบแทน ใช้สอยและวัสดุ 746,100 บาท","2.1.1 ค่าตอบแทน 307,900 บาท","307,900"
72,งานบริหารทั่วไปและบริหารการคลัง,"2. งบดําเนินงาน 862,100 บาท","2.1 ค่าตอบแทน ใช้สอยและวัสดุ 746,100 บาท","2.1.2 ค่าใช้สอย 202,600 บาท","202,600"
73,งานบริหารทั่วไปและบริหารการคลัง,"2. งบดําเนินงาน 862,100 บาท","2.1 ค่าตอบแทน ใช้สอยและวัสดุ 746,100 บาท","2.1.3 ค่าวัสดุ 235,600 บาท","235,600"
74,งานบริหารทั่วไปและบริหารการคลัง,"2. งบดําเนินงาน 862,100 บาท","2.2 ค่าสาธารณูปโภค 116,000 บาท",,"116,000"
75,งานบริหารทั่วไปและจัดเก็บรายได้,"3. งบลงทุน 39,000 บาท","05138-1 เครื่องคํานวณเลขไฟฟ้า แบบมีกระดาษบันทึก 10 เครื่อง 39,000 บาท",,"39,000"
76,งานบริหารทั่วไปและจัดเก็บรายได้,"1. งบบุคลากร 3,253,300 บาท","1.1 เงินเดือน 2850,000 บาท","01101-1 อัตราเดิม 12 อัตรา 2601,200 บาท","2601,200"
77,งานบริหารทั่วไปและจัดเก็บรายได้,"1. งบบุคลากร 3,253,300 บาท","1.1 เงินเดือน 2850,000 บาท","01102-1 เงินเลื่อนขั้น 156,000 บาท","156,000"
78,งานบริหารทั่วไปและจัดเก็บรายได้,"1. งบบุคลากร 3,253,300 บาท","1.1 เงินเดือน 2850,000 บาท","01107-1 เงินค่าตอบแทนรายเดือนของข้าราชการ 42,000 บาท","42,000"
79,งานบริหารทั่วไปและจัดเก็บรายได้,"1. งบบุคลากร 3,253,300 บาท","1.1 เงินเดือน 2850,000 บาท","01108-1 เงินเพิ่มการครองชีพชั่วคราวของข้าราชการ 30,800 บาท","30,800"
80,งานบริหารทั่วไปและจัดเก็บรายได้,"1. งบบุคลากร 3,253,300 บาท","1.1 เงินเดือน 2850,000 บาท","01109-1 เงินช่วยเหลือค่าครองชีพของข้าราชการ 20,000 บาท","20,000"
81,งานบริหารทั่วไปและจัดเก็บรายได้,"1. งบบุคลากร 3,253,300 บาท","1.2 ค่าจ้างประจํา 400,700 บาท","01201-1 อัตราเดิม 2 อัตรา 365,800 บาท","365,800"
82,งานบริหารทั่วไปและจัดเก็บรายได้,"1. งบบุคลากร 3,253,300 บาท","1.2 ค่าจ้างประจํา 400,700 บาท","01202-1 เงินเพิ่มค่าจ้างประจํา 21,900 บาท","21,900"
83,งานบริหารทั่วไปและจัดเก็บรายได้,"1. งบบุคลากร 3,253,300 บาท","1.2 ค่าจ้างประจํา 400,700 บาท","01205-1 เงินเพิ่มการครองซีพชั่วคราวของลูกจ้างประจํา 8,000 บาท","8,000"
84,งานบริหารทั่วไปและจัดเก็บรายได้,"1. งบบุคลากร 3,253,300 บาท","1.2 ค่าจ้างประจํา 400,700 บาท","01206-1 เงินช่วยเหลือค่าครองชีพของลูกจ้างประจํา 5,000 บาท","5,000"
85,งานบริหารทั่วไปและจัดเก็บรายได้,"1. งบบุคลากร 3,253,300 บาท",1.3 ค่าตอบแทน ใช้สอยและวัสดุ 2600 บาท,"03611-1 ค่าเครื่องแต่งกาย 2,600 บาท","2,600"
86,งานบริหารทั่วไปและจัดเก็บรายได้,"2. งบดําเนินงาน 1,686,900 บาท","2.1 ค่าตอบแทน ใช้สอยและวัสดุ 474,200 บาท","2.1.1 ค่าตอบแทน 78,000 บาท","78,000"
87,งานบริหารทั่วไปและจัดเก็บรายได้,"2. งบดําเนินงาน 1,686,900 บาท","2.1 ค่าตอบแทน ใช้สอยและวัสดุ 474,200 บาท","2.1.2 ค่าใช้สอย 169,800 บาท","169,800"
88,งานบริหารทั่วไปและจัดเก็บรายได้,"2. งบดําเนินงาน 1,686,900 บาท","2.1 ค่าตอบแทน ใช้สอยและวัสดุ 474,200 บาท","2.1.3 ค่าวัสดุ 226,400 บาท","226,400"
89,งานบริหารทั่วไปและจัดเก็บรายได้,"2. งบดําเนินงาน 1,686,900 บาท","2.2 ค่าสาธารณูปโภค 1,212,700 บาท",,"1,212,700"
90,งานบริหารทั่วไปฝ่ายรักษาความสะอาด,"3. งบลงทุน 127,550 บาท","05105-1 เครื่องคอมพิวเตอร์ สําหรับงานสํานักงาน (จอแสดงภาพขนาดไม่น้อยกว่า 19 นิ้ว) พร้อมโปรแกรมระบบปฏิบัติการ (OS) แบบ 6 ที่มีลิขสิทธิ์ถูกต้องตามกฎหมาย 5 เครื่อง 127,550 บาท",,"127,550"
91,งานบริหารทั่วไปฝ่ายรักษาความสะอาด,"1. งบบุคลากร 28,304,935 บาท","1.1 เงินเดือน 886,000 บาท","01101-1 อัตราเดิม 2 อัตรา 833,200 บาท","833,200"
92,งานบริหารทั่วไปฝ่ายรักษาความสะอาด,"1. งบบุคลากร 28,304,935 บาท","1.1 เงินเดือน 886,000 บาท","01102-1 เงินเลื่อนขั้น 50,000 บาท","50,000"
93,งานบริหารทั่วไปฝ่ายรักษาความสะอาด,"1. งบบุคลากร 28,304,935 บาท","1.1 เงินเดือน 886,000 บาท",01107-1 เงินค่าตอบแทนรายเดือนของข้าราชการ 2800 บาท,2800
94,งานบริหารทั่วไปฝ่ายรักษาความสะอาด,"1. งบบุคลากร 28,304,935 บาท","1.2 ค่าจ้างประจํา 20,983,900 บาท","01201-1 อัตราเดิม 95 อัตรา 19,614,800 บาท","19,614,800"
95,งานบริหารทั่วไปฝ่ายรักษาความสะอาด,"1. งบบุคลากร 28,304,935 บาท","1.2 ค่าจ้างประจํา 20,983,900 บาท","01202-1 เงินเพิ่มค่าจ้างประจํา 819,100 บาท","819,100"
96,งานบริหารทั่วไปฝ่ายรักษาความสะอาด,"1. งบบุคลากร 28,304,935 บาท","1.2 ค่าจ้างประจํา 20,983,900 บาท","01205-1 เงินเพิ่มการครองซีพชั่วคราวของลูกจ้างประจํา 339,640 บาท","339,640"
97,งานบริหารทั่วไปฝ่ายรักษาความสะอาด,"1. งบบุคลากร 28,304,935 บาท","1.2 ค่าจ้างประจํา 20,983,900 บาท","01206-1 เงินช่วยเหลือค่าครองชีพของลูกจ้างประจํา 210,360 บาท","210,360"
98,งานบริหารทั่วไปฝ่ายรักษาความสะอาด,"1. งบบุคลากร 28,304,935 บาท","1.3 ค่าจ้างชั่วคราว 5,875,200 บาท","02101-1 ค่าจ้างชั่วคราว 42 อัตรา 4,280,180 บาท","4,280,180"
99,งานบริหารทั่วไปฝ่ายรักษาความสะอาด,"1. งบบุคลากร 28,304,935 บาท","1.3 ค่าจ้างชั่วคราว 5,875,200 บาท","02102-1 เงินเพิ่มการครองซีพชั่วคราวของลูกจ้างชั่วคราว 615,820 บาท","615,820"
100,งานบริหารทั่วไปฝ่ายรักษาความสะอาด,"1. งบบุคลากร 28,304,935 บาท","1.3 ค่าจ้างชั่วคราว 5,875,200 บาท","02103-1 เงินช่วยเหลือค่าครองชีพของลูกจ้างชั่วคราว 979,200 บาท","979,200"
101,งานบริหารทั่วไปฝ่ายรักษาความสะอาด,"1. งบบุคลากร 28,304,935 บาท","1.4 ค่าตอบแทน ใช้สอยและวัสดุ 559,835 บาท","03128-1 เงินตอบแทนพิเศษของลูกจ้างประจํา 261,980 บาท","261,980"
102,งานบริหารทั่วไปฝ่ายรักษาความสะอาด,"1. งบบุคลากร 28,304,935 บาท","1.4 ค่าตอบแทน ใช้สอยและวัสดุ 559,835 บาท","03217-1 เงินสมทบกองทุนประกันสังคม 293,760 บาท","293,760"
103,งานบริหารทั่วไปฝ่ายรักษาความสะอาด,"1. งบบุคลากร 28,304,935 บาท","1.4 ค่าตอบแทน ใช้สอยและวัสดุ 559,835 บาท",03611-1 ค่าเครื่องแต่งกาย 4095 บาท,4095
104,งานบริหารทั่วไปฝ่ายรักษาความสะอาด,"2. งบดําเนินงาน 3,268,691 บาท","2.1 ค่าตอบแทน ใช้สอยและวัสดุ 3,188,691 บาท","2.1.1 ค่าตอบแทน 1574,780 บาท","1574,780"
105,งานบริหารทั่วไปฝ่ายรักษาความสะอาด,"2. งบดําเนินงาน 3,268,691 บาท","2.1 ค่าตอบแทน ใช้สอยและวัสดุ 3,188,691 บาท","2.1.2 ค่าใช้สอย 86,540 บาท","86,540"
106,งานบริหารทั่วไปฝ่ายรักษาความสะอาด,"2. งบดําเนินงาน 3,268,691 บาท","2.1 ค่าตอบแทน ใช้สอยและวัสดุ 3,188,691 บาท","2.1.3 ค่าวัสดุ 1,527,371 บาท","1,527,371"
107,งานบริหารทั่วไปฝ่ายรักษาความสะอาด,"2. งบดําเนินงาน 3,268,691 บาท","2.2 ค่าสาธารณูปโภค 80,000 บาท",,"80,000"
108,งานบริหารทั่วไปฝ่ายรักษาความสะอาด,"3. งบลงทุน 360,020 บาท","05101-3 (1) เครื่องปรับอากาศ แบบแยกส่วน (ราคารวมค่าติดตั้ง) แบบตั้งพื้นหรือแบบแขวน ขนาด 26,000 04 1 เครื่อง 36,000 บาท",,"36,000"
109,งานบริหารทั่วไปฝ่ายรักษาความสะอาด,"3. งบลงทุน 360,020 บาท","05105-1 (2) เครื่องคอมพิวเตอร์ สําหรับงานสํานักงาน (จอแสดงภาพขนาดไม่น้อยกว่า 19 นิ้ว) พร้อมโปรแกรมระบบปฏิบัติการ (OS) แบบ GGWA ที่มีลิขสิทธิ์ถูกต้องตามกฎหมาย 12 เครื่อง 306,120 บาท",,"306,120"
110,งานบริหารทั่วไปฝ่ายรักษาความสะอาด,"3. งบลงทุน 360,020 บาท","05105-2 (3) เครื่องพิมพ์เลเซอร์ หรือ LED ขาวดํา ชนิด Network แบบที่ 1 (28 หน้า/นาที) 1 เครื่อง 8,900 บาท",,"8,900"
111,งานกวาดทําความ สะอาดที่และทางสาธาร ณะ,"3. งบลงทุน 360,020 บาท","05198-5 (6) โต๊ะทํางานรูปตัวแอล 1 ตัว 9,000 บาท",,"9,000"
112,งานกวาดทําความ สะอาดที่และทางสาธาร ณะ,"1. งบบุคลากร 42,471,735 บาท","1.1 เงินเดือน 1,329,000 บาท","01101-1 อัตราเดิม 4 อัตรา 1,249,800 บาท","1,249,800"
113,งานกวาดทําความ สะอาดที่และทางสาธาร ณะ,"1. งบบุคลากร 42,471,735 บาท","1.1 เงินเดือน 1,329,000 บาท",01102-1 เงินเลื่อนขั้น 75000 บาท,75000
114,งานกวาดทําความ สะอาดที่และทางสาธาร ณะ,"1. งบบุคลากร 42,471,735 บาท","1.1 เงินเดือน 1,329,000 บาท",01107-1 เงินค่าตอบแทนรายเดือนของข้าราชการ 4200 บาท,4200
115,งานกวาดทําความ สะอาดที่และทางสาธาร ณะ,"1. งบบุคลากร 42,471,735 บาท","1.2 ค่าจ้างประจํา 31,475,850 บาท","01201-1 อัตราเดิม 142 อัตรา 29,422,200 บาท","29,422,200"
116,งานกวาดทําความ สะอาดที่และทางสาธาร ณะ,"1. งบบุคลากร 42,471,735 บาท","1.2 ค่าจ้างประจํา 31,475,850 บาท","01202-1 เงินเพิ่มค่าจ้างประจํา 1,228,650 บาท","1,228,650"
117,งานกวาดทําความ สะอาดที่และทางสาธาร ณะ,"1. งบบุคลากร 42,471,735 บาท","1.2 ค่าจ้างประจํา 31,475,850 บาท","01205-1 เงินเพิ่มการครองซีพชั่วคราวของลูกจ้างประจํา 509,460 บาท","509,460"
118,งานกวาดทําความ สะอาดที่และทางสาธาร ณะ,"1. งบบุคลากร 42,471,735 บาท","1.2 ค่าจ้างประจํา 31,475,850 บาท","01206-1 เงินช่วยเหลือค่าครองชีพของลูกจ้างประจํา 315,540 บาท","315,540"
119,งานกวาดทําความ สะอาดที่และทางสาธาร ณะ,"1. งบบุคลากร 42,471,735 บาท","1.3 ค่าจ้างชั่วคราว 8,812,800 บาท","02101-1 ค่าจ้างชั่วคราว 63 อัตรา 6,420,270 บาท","6,420,270"
120,งานกวาดทําความ สะอาดที่และทางสาธาร ณะ,"1. งบบุคลากร 42,471,735 บาท","1.3 ค่าจ้างชั่วคราว 8,812,800 บาท","02102-1 เงินเพิ่มการครองซีพชั่วคราวของลูกจ้างชั่วคราว 923,730 บาท","923,730"
121,งานกวาดทําความ สะอาดที่และทางสาธาร ณะ,"1. งบบุคลากร 42,471,735 บาท","1.3 ค่าจ้างชั่วคราว 8,812,800 บาท","02103-1 เงินช่วยเหลือค่าครองชีพของลูกจ้างชั่วคราว 1,468,800 บาท","1,468,800"
122,งานกวาดทําความ สะอาดที่และทางสาธาร ณะ,"1. งบบุคลากร 42,471,735 บาท","1.4 ค่าตอบแทน ใช้สอยและวัสดุ 854,085 บาท","03128-1 เงินตอบแทนพิเศษของลูกจ้างประจํา 392,970 บาท","392,970"
123,งานกวาดทําความ สะอาดที่และทางสาธาร ณะ,"1. งบบุคลากร 42,471,735 บาท","1.4 ค่าตอบแทน ใช้สอยและวัสดุ 854,085 บาท","03217-1 เงินสมทบกองทุนประกันสังคม 440,640 บาท","440,640"
124,งานกวาดทําความ สะอาดที่และทางสาธาร ณะ,"1. งบบุคลากร 42,471,735 บาท","1.4 ค่าตอบแทน ใช้สอยและวัสดุ 854,085 บาท",03611-1 ค่าเครื่องแต่งกาย 20475 บาท,20475
125,งานกวาดทําความ สะอาดที่และทางสาธาร ณะ,"2. งบดําเนินงาน 12,328,518 บาท","2.1 ค่าตอบแทน ใช้สอยและวัสดุ 12,208,518 บาท","2.1.1 ค่าตอบแทน 6,299,120 บาท","6,299,120"
126,งานกวาดทําความ สะอาดที่และทางสาธาร ณะ,"2. งบดําเนินงาน 12,328,518 บาท","2.1 ค่าตอบแทน ใช้สอยและวัสดุ 12,208,518 บาท","2.1.2 ค่าใช้สอย 193,620 บาท","193,620"
127,งานกวาดทําความ สะอาดที่และทางสาธาร ณะ,"2. งบดําเนินงาน 12,328,518 บาท","2.1 ค่าตอบแทน ใช้สอยและวัสดุ 12,208,518 บาท","2.1.3 ค่าวัสดุ 5,715,778 บาท","5,715,778"
128,งานเก็บขยะมูลฝอยและขนถ่ายสิ่งปฏิกูล,"2. งบดําเนินงาน 12,328,518 บาท","2.2 ค่าสาธารณูปโภค 120,000 บาท",,"120,000"
129,งานเก็บขยะมูลฝอยและขนถ่ายสิ่งปฏิกูล,"1. งบบุคลากร 70,864,030 บาท","1.1 เงินเดือน 2215,000 บาท","01101-1 อัตราเดิม 6 อัตรา 2083,000 บาท","2083,000"
130,งานเก็บขยะมูลฝอยและขนถ่ายสิ่งปฏิกูล,"1. งบบุคลากร 70,864,030 บาท","1.1 เงินเดือน 2215,000 บาท","01102-1 เงินเลื่อนขั้น 125,000 บาท","125,000"
131,งานเก็บขยะมูลฝอยและขนถ่ายสิ่งปฏิกูล,"1. งบบุคลากร 70,864,030 บาท","1.1 เงินเดือน 2215,000 บาท","01107-1 เงินค่าตอบแทนรายเดือนของข้าราชการ 7,000 บาท","7,000"
132,งานเก็บขยะมูลฝอยและขนถ่ายสิ่งปฏิกูล,"1. งบบุคลากร 70,864,030 บาท","1.2 ค่าจ้างประจํา 52,459,750 บาท","01201-1 อัตราเดิม 236 อัตรา 49,037,000 บาท","49,037,000"
133,งานเก็บขยะมูลฝอยและขนถ่ายสิ่งปฏิกูล,"1. งบบุคลากร 70,864,030 บาท","1.2 ค่าจ้างประจํา 52,459,750 บาท","01202-1 เงินเพิ่มค่าจ้างประจํา 2,047,750 บาท","2,047,750"
134,งานเก็บขยะมูลฝอยและขนถ่ายสิ่งปฏิกูล,"1. งบบุคลากร 70,864,030 บาท","1.2 ค่าจ้างประจํา 52,459,750 บาท","01205-1 เงินเพิ่มการครองซีพชั่วคราวของลูกจ้างประจํา 849,100 บาท","849,100"
135,งานเก็บขยะมูลฝอยและขนถ่ายสิ่งปฏิกูล,"1. งบบุคลากร 70,864,030 บาท","1.2 ค่าจ้างประจํา 52,459,750 บาท","01206-1 เงินช่วยเหลือค่าครองชีพของลูกจ้างประจํา 525,900 บาท","525,900"
136,งานเก็บขยะมูลฝอยและขนถ่ายสิ่งปฏิกูล,"1. งบบุคลากร 70,864,030 บาท","1.3 ค่าจ้างชั่วคราว 14,688,000 บาท","02101-1 ค่าจ้างชั่วคราว 105 อัตรา 10,700,450 บาท","10,700,450"
137,งานเก็บขยะมูลฝอยและขนถ่ายสิ่งปฏิกูล,"1. งบบุคลากร 70,864,030 บาท","1.3 ค่าจ้างชั่วคราว 14,688,000 บาท","02102-1 เงินเพิ่มการครองซีพชั่วคราวของลูกจ้างชั่วคราว 1,539,550 บาท","1,539,550"
138,งานเก็บขยะมูลฝอยและขนถ่ายสิ่งปฏิกูล,"1. งบบุคลากร 70,864,030 บาท","1.3 ค่าจ้างชั่วคราว 14,688,000 บาท","02103-1 เงินช่วยเหลือค่าครองชีพของลูกจ้างชั่วคราว 2,4.48,000 บาท","2,4.48,000"
139,งานเก็บขยะมูลฝอยและขนถ่ายสิ่งปฏิกูล,"1. งบบุคลากร 70,864,030 บาท","1.4 ค่าตอบแทน ใช้สอยและวัสดุ 1,501,280 บาท","03128-1 เงินตอบแทนพิเศษของลูกจ้างประจํา 654,950 บาท","654,950"
140,งานเก็บขยะมูลฝอยและขนถ่ายสิ่งปฏิกูล,"1. งบบุคลากร 70,864,030 บาท","1.4 ค่าตอบแทน ใช้สอยและวัสดุ 1,501,280 บาท","03217-1 เงินสมทบกองทุนประกันสังคม 734,400 บาท","734,400"
141,งานเก็บขยะมูลฝอยและขนถ่ายสิ่งปฏิกูล,"1. งบบุคลากร 70,864,030 บาท","1.4 ค่าตอบแทน ใช้สอยและวัสดุ 1,501,280 บาท","03611-1 ค่าเครื่องแต่งกาย 111,930 บาท","111,930"
142,งานเก็บขยะมูลฝอยและขนถ่ายสิ่งปฏิกูล,"2. งบดําเนินงาน 20,406,301 บาท","2.1 ค่าตอบแทน ใช้สอยและวัสดุ 20,206,301 บาท","2.1.1 ค่าตอบแทน 10,369,900 บาท","10,369,900"
143,งานเก็บขยะมูลฝอยและขนถ่ายสิ่งปฏิกูล,"2. งบดําเนินงาน 20,406,301 บาท","2.1 ค่าตอบแทน ใช้สอยและวัสดุ 20,206,301 บาท","2.1.2 ค่าใช้สอย 387,240 บาท","387,240"
144,งานเก็บขยะมูลฝอยและขนถ่ายสิ่งปฏิกูล,"2. งบดําเนินงาน 20,406,301 บาท","2.1 ค่าตอบแทน ใช้สอยและวัสดุ 20,206,301 บาท","2.1.3 ค่าวัสดุ 9,449,161 บาท","9,449,161"
145,งานดูแลสวนและพื้นที่สีเขียว,"2. งบดําเนินงาน 20,406,301 บาท","2.2 ค่าสาธารณูปโภค 200,000 บาท",,"200,000"
146,งานดูแลสวนและพื้นที่สีเขียว,"1. งบบุคลากร 13,508,980 บาท","1.1 เงินเดือน 885,500 บาท","01101-1 อัตราเดิม 2 อัตรา 835,400 บาท","835,400"
147,งานดูแลสวนและพื้นที่สีเขียว,"1. งบบุคลากร 13,508,980 บาท","1.1 เงินเดือน 885,500 บาท","01102-1 เงินเลื่อนขั้น 50,100 บาท","50,100"
148,งานดูแลสวนและพื้นที่สีเขียว,"1. งบบุคลากร 13,508,980 บาท","1.2 ค่าจ้างประจํา 10,229,800 บาท","01201-1 อัตราเดิม 45 อัตรา 9,509,500 บาท","9,509,500"
149,งานดูแลสวนและพื้นที่สีเขียว,"1. งบบุคลากร 13,508,980 บาท","1.2 ค่าจ้างประจํา 10,229,800 บาท","01202-1 เงินเพิ่มค่าจ้างประจํา 570,600 บาท","570,600"
150,งานดูแลสวนและพื้นที่สีเขียว,"1. งบบุคลากร 13,508,980 บาท","1.2 ค่าจ้างประจํา 10,229,800 บาท","01205-1 เงินเพิ่มการครองซีพชั่วคราวของลูกจ้างประจํา 110,900 บาท","110,900"
151,งานดูแลสวนและพื้นที่สีเขียว,"1. งบบุคลากร 13,508,980 บาท","1.2 ค่าจ้างประจํา 10,229,800 บาท","01206-1 เงินช่วยเหลือค่าครองชีพของลูกจ้างประจํา 38,800 บาท","38,800"
152,งานดูแลสวนและพื้นที่สีเขียว,"1. งบบุคลากร 13,508,980 บาท","1.3 ค่าจ้างชั่วคราว 2,160,080 บาท","02101-1 ค่าจ้างชั่วคราว 15 อัตรา 1,572,800 บาท","1,572,800"
153,งานดูแลสวนและพื้นที่สีเขียว,"1. งบบุคลากร 13,508,980 บาท","1.3 ค่าจ้างชั่วคราว 2,160,080 บาท","02102-1 เงินเพิ่มการครองซีพชั่วคราวของลูกจ้างชั่วคราว 227,280 บาท","227,280"
154,งานดูแลสวนและพื้นที่สีเขียว,"1. งบบุคลากร 13,508,980 บาท","1.3 ค่าจ้างชั่วคราว 2,160,080 บาท","02103-1 เงินช่วยเหลือค่าครองชีพของลูกจ้างชั่วคราว 360,000 บาท","360,000"
155,งานดูแลสวนและพื้นที่สีเขียว,"1. งบบุคลากร 13,508,980 บาท","1.4 ค่าตอบแทน ใช้สอยและวัสดุ 233,600 บาท","03128-1 เงินตอบแทนพิเศษของลูกจ้างประจํา 100,900 บาท","100,900"
156,งานดูแลสวนและพื้นที่สีเขียว,"1. งบบุคลากร 13,508,980 บาท","1.4 ค่าตอบแทน ใช้สอยและวัสดุ 233,600 บาท","03217-1 เงินสมทบกองทุนประกันสังคม 108,000 บาท","108,000"
157,งานดูแลสวนและพื้นที่สีเขียว,"1. งบบุคลากร 13,508,980 บาท","1.4 ค่าตอบแทน ใช้สอยและวัสดุ 233,600 บาท","03611-1 ค่าเครื่องแต่งกาย 24,700 บาท","24,700"
158,งานดูแลสวนและพื้นที่สีเขียว,"2. งบดําเนินงาน 10,064,800 บาท","2.1 ค่าตอบแทน ใช้สอยและวัสดุ 9,913,100 บาท","2.1.1 ค่าตอบแทน 708,300 บาท","708,300"
159,งานดูแลสวนและพื้นที่สีเขียว,"2. งบดําเนินงาน 10,064,800 บาท","2.1 ค่าตอบแทน ใช้สอยและวัสดุ 9,913,100 บาท","2.1.2 ค่าใช้สอย 5,211,400 บาท","5,211,400"
160,งานดูแลสวนและพื้นที่สีเขียว,"2. งบดําเนินงาน 10,064,800 บาท","2.1 ค่าตอบแทน ใช้สอยและวัสดุ 9,913,100 บาท","2.1.3 ค่าวัสดุ 3,993,400 บาท","3,993,400"
161,งานดูแลสวนและพื้นที่สีเขียว,"2. งบดําเนินงาน 10,064,800 บาท","2.2 ค่าสาธารณูปโภค 151,700 บาท",,"151,700"
162,งานบริหารทั่วไปและสอบสวนดําเนินคดี,"3. งบรายจ่ายอื่น 698,100 บาท","07199-1 ค่าใช้จ่ายในการบํารุงรักษา ปรับปรุง และเพิ่มพื้นที่สีเขียว 698,100 บาท",,"698,100"
163,งานบริหารทั่วไปและสอบสวนดําเนินคดี,"1. งบบุคลากร 19,877,250 บาท","1.1 เงินเดือน 2939,720 บาท","01101-1 อัตราเดิม 7 อัตรา 2,157,480 บาท","2,157,480"
164,งานบริหารทั่วไปและสอบสวนดําเนินคดี,"1. งบบุคลากร 19,877,250 บาท","1.1 เงินเดือน 2939,720 บาท","01102-1 เงินเลื่อนขั้น 165,440 บาท","165,440"
165,งานบริหารทั่วไปและสอบสวนดําเนินคดี,"1. งบบุคลากร 19,877,250 บาท","1.1 เงินเดือน 2939,720 บาท","01107-1 เงินค่าตอบแทนรายเดือนของข้าราชการ 16,800 บาท","16,800"
166,งานบริหารทั่วไปและสอบสวนดําเนินคดี,"1. งบบุคลากร 19,877,250 บาท","1.2 ค่าจ้างประจํา 13,844,600 บาท","01201-1 อัตราเดิม 64 อัตรา 12,381,560 บาท","12,381,560"
167,งานบริหารทั่วไปและสอบสวนดําเนินคดี,"1. งบบุคลากร 19,877,250 บาท","1.2 ค่าจ้างประจํา 13,844,600 บาท","01202-1 เงินเพิ่มค่าจ้างประจํา 782,720 บาท","782,720"
168,งานบริหารทั่วไปและสอบสวนดําเนินคดี,"1. งบบุคลากร 19,877,250 บาท","1.2 ค่าจ้างประจํา 13,844,600 บาท","01205-1 เงินเพิ่มการครองซีพชั่วคราวของลูกจ้างประจํา 418,360 บาท","418,360"
169,งานบริหารทั่วไปและสอบสวนดําเนินคดี,"1. งบบุคลากร 19,877,250 บาท","1.2 ค่าจ้างประจํา 13,844,600 บาท","01206-1 เงินช่วยเหลือค่าครองชีพของลูกจ้างประจํา 261,960 บาท","261,960"
170,งานบริหารทั่วไปและสอบสวนดําเนินคดี,"1. งบบุคลากร 19,877,250 บาท","1.3 ค่าจ้างชั่วคราว 2,880,000 บาท","02101-1 ค่าจ้างชั่วคราว 20 อัตรา 2,089,000 บาท","2,089,000"
171,งานบริหารทั่วไปและสอบสวนดําเนินคดี,"1. งบบุคลากร 19,877,250 บาท","1.3 ค่าจ้างชั่วคราว 2,880,000 บาท","02102-1 เงินเพิ่มการครองซีพชั่วคราวของลูกจ้างชั่วคราว 311,000 บาท","311,000"
172,งานบริหารทั่วไปและสอบสวนดําเนินคดี,"1. งบบุคลากร 19,877,250 บาท","1.3 ค่าจ้างชั่วคราว 2,880,000 บาท","02103-1 เงินช่วยเหลือค่าครองชีพของลูกจ้างชั่วคราว 480,000 บาท","480,000"
173,งานบริหารทั่วไปและสอบสวนดําเนินคดี,"1. งบบุคลากร 19,877,250 บาท","1.4 ค่าตอบแทน ใช้สอยและวัสดุ 212,930 บาท","03217-1 เงินสมทบกองทุนประกันสังคม 144,000 บาท","144,000"
174,งานบริหารทั่วไปและสอบสวนดําเนินคดี,"1. งบบุคลากร 19,877,250 บาท","1.4 ค่าตอบแทน ใช้สอยและวัสดุ 212,930 บาท","03611-1 ค่าเครื่องแต่งกาย 68,930 บาท","68,930"
175,งานบริหารทั่วไปและสอบสวนดําเนินคดี,"2. งบดําเนินงาน 9,227,130 บาท","2.1 ค่าตอบแทน 1,355,780 บาท",,"1,355,780"
176,งานบริหารทั่วไปและสอบสวนดําเนินคดี,"2. งบดําเนินงาน 9,227,130 บาท","2.2 ค่าใช้สอย 7%530,375 บาท",,"7%530,375"
177,งานบริหารทั่วไปและสอบสวนดําเนินคดี,"2. งบดําเนินงาน 9,227,130 บาท","2.3 ค่าวัสดุ 340,975 บาท",,"340,975"
178,งานบริหารทั่วไปและสอบสวนดําเนินคดี,"3. งบลงทุน 291,970 บาท","05105-3 (1) เครื่องคอมพิวเตอร์ สําหรับงานสํานักงาน (จอแสดงภาพขนาดไม่น้อยกว่า 19 นิ้ว) พร้อมโปรแกรมระบบปฏิบัติการ (OS) แบบ GGWA ที่มีลิขสิทธิ์ถูกต้องตามกฎหมาย 7 เครื่อง 178,570 บาท",,"178,570"
179,งานบริหารทั่วไปและสอบสวนดําเนินคดี,"3. งบลงทุน 291,970 บาท","05101-5 (2) เครื่องปรับอากาศ แบบแยกส่วน (ราคารวมค่าติดตั้ง) แบบตั้งพื้นหรือแบบแขวน ขนาด 15,000 04 1 เครื่อง 25,900 บาท",,"25,900"
180,งานตรวจและบังคับใช้กฎหมาย,"3. งบลงทุน 291,970 บาท",05203-2 (3) เครื่องถ่ายเอกสาร ระบบดิจิตอล (ขาว-ดํา) ความเร็ว 20 แผ่นต่อนาที 1 เครื่อง 87500 บาท,,87500
181,งานตรวจและบังคับใช้กฎหมาย,"1. งบบุคลากร 30,332,850 บาท","1.1 เงินเดือน 4,409,580 บาท","01101-1 อัตราเดิม 12 อัตรา 4,136,220 บาท","4,136,220"
182,งานตรวจและบังคับใช้กฎหมาย,"1. งบบุคลากร 30,332,850 บาท","1.1 เงินเดือน 4,409,580 บาท","01102-1 เงินเลื่อนขั้น 248,160 บาท","248,160"
183,งานตรวจและบังคับใช้กฎหมาย,"1. งบบุคลากร 30,332,850 บาท","1.1 เงินเดือน 4,409,580 บาท","01107-1 เงินค่าตอบแทนรายเดือนของข้าราชการ 25,200 บาท","25,200"
184,งานตรวจและบังคับใช้กฎหมาย,"1. งบบุคลากร 30,332,850 บาท","1.2 ค่าจ้างประจํา 20,766,900 บาท","01201-1 อัตราเดิม 96 อัตรา 18,572,340 บาท","18,572,340"
185,งานตรวจและบังคับใช้กฎหมาย,"1. งบบุคลากร 30,332,850 บาท","1.2 ค่าจ้างประจํา 20,766,900 บาท","01202-1 เงินเพิ่มค่าจ้างประจํา 1,176,080 บาท","1,176,080"
186,งานตรวจและบังคับใช้กฎหมาย,"1. งบบุคลากร 30,332,850 บาท","1.2 ค่าจ้างประจํา 20,766,900 บาท","01205-1 เงินเพิ่มการครองซีพชั่วคราวของลูกจ้างประจํา 627,540 บาท","627,540"
187,งานตรวจและบังคับใช้กฎหมาย,"1. งบบุคลากร 30,332,850 บาท","1.2 ค่าจ้างประจํา 20,766,900 บาท","01206-1 เงินช่วยเหลือค่าครองชีพของลูกจ้างประจํา 392,940 บาท","392,940"
188,งานตรวจและบังคับใช้กฎหมาย,"1. งบบุคลากร 30,332,850 บาท","1.3 ค่าจ้างชั่วคราว 4,320,000 บาท","02101-1 ค่าจ้างชั่วคราว 30 อัตรา 3,133,500 บาท","3,133,500"
189,งานตรวจและบังคับใช้กฎหมาย,"1. งบบุคลากร 30,332,850 บาท","1.3 ค่าจ้างชั่วคราว 4,320,000 บาท","02102-1 เงินเพิ่มการครองซีพชั่วคราวของลูกจ้างชั่วคราว 466,500 บาท","466,500"
190,งานตรวจและบังคับใช้กฎหมาย,"1. งบบุคลากร 30,332,850 บาท","1.3 ค่าจ้างชั่วคราว 4,320,000 บาท","02103-1 เงินช่วยเหลือค่าครองชีพของลูกจ้างชั่วคราว 720,000 บาท","720,000"
191,งานตรวจและบังคับใช้กฎหมาย,"1. งบบุคลากร 30,332,850 บาท","1.4 ค่าตอบแทน ใช้สอยและวัสดุ 836,370 บาท","03217-1 เงินสมทบกองทุนประกันสังคม 216,000 บาท","216,000"
192,งานตรวจและบังคับใช้กฎหมาย,"1. งบบุคลากร 30,332,850 บาท","1.4 ค่าตอบแทน ใช้สอยและวัสดุ 836,370 บาท","03611-1 ค่าเครื่องแต่งกาย 620,370 บาท","620,370"
193,งานตรวจและบังคับใช้กฎหมาย,"2. งบดําเนินงาน 12,852,470 บาท","2.1 ค่าตอบแทน 12,215,020 บาท",,"12,215,020"
194,งานตรวจและบังคับใช้กฎหมาย,"2. งบดําเนินงาน 12,852,470 บาท","2.2 ค่าใช้สอย 181,925 บาท",,"181,925"
195,งานบริหารทั่วไปฝ่ายโยธา,"2. งบดําเนินงาน 12,852,470 บาท","2.3 ค่าวัสดุ 455,525 บาท",,"455,525"
196,งานบริหารทั่วไปฝ่ายโยธา,"1. งบบุคลากร 1,213,460 บาท","1.1 เงินเดือน 615,480 บาท","01101-1 อัตราเดิม 2 อัตรา 550,040 บาท","550,040"
197,งานบริหารทั่วไปฝ่ายโยธา,"1. งบบุคลากร 1,213,460 บาท","1.1 เงินเดือน 615,480 บาท","01102-1 เงินเลื่อนขั้น 33,000 บาท","33,000"
198,งานบริหารทั่วไปฝ่ายโยธา,"1. งบบุคลากร 1,213,460 บาท","1.1 เงินเดือน 615,480 บาท","01106-1 เงินประจําตําแหน่ง 13,440 บาท","13,440"
199,งานบริหารทั่วไปฝ่ายโยธา,"1. งบบุคลากร 1,213,460 บาท","1.1 เงินเดือน 615,480 บาท","01107-1 เงินค่าตอบแทนรายเดือนของข้าราชการ 13,440 บาท","13,440"
200,งานบริหารทั่วไปฝ่ายโยธา,"1. งบบุคลากร 1,213,460 บาท","1.1 เงินเดือน 615,480 บาท","01108-1 เงินเพิ่มการครองชีพชั่วคราวของข้าราชการ 3,200 บาท","3,200"
201,งานบริหารทั่วไปฝ่ายโยธา,"1. งบบุคลากร 1,213,460 บาท","1.1 เงินเดือน 615,480 บาท","01109-1 เงินช่วยเหลือค่าครองชีพของข้าราชการ 2,360 บาท","2,360"
202,งานบริหารทั่วไปฝ่ายโยธา,"1. งบบุคลากร 1,213,460 บาท","1.2 ค่าจ้างประจํา 485,020 บาท","01201-1 อัตราเดิม 3 อัตรา 457,200 บาท","457,200"
203,งานบริหารทั่วไปฝ่ายโยธา,"1. งบบุคลากร 1,213,460 บาท","1.2 ค่าจ้างประจํา 485,020 บาท","01202-1 เงินเพิ่มค่าจ้างประจํา 21,900 บาท","21,900"
204,งานบริหารทั่วไปฝ่ายโยธา,"1. งบบุคลากร 1,213,460 บาท","1.2 ค่าจ้างประจํา 485,020 บาท",01205-1 เงินเพิ่มการครองซีพชั่วคราวของลูกจ้างประจํา 4900 บาท,4900
205,งานบริหารทั่วไปฝ่ายโยธา,"1. งบบุคลากร 1,213,460 บาท","1.2 ค่าจ้างประจํา 485,020 บาท",01206-1 เงินช่วยเหลือค่าครองชีพของลูกจ้างประจํา 1020 บาท,1020
206,งานบริหารทั่วไปฝ่ายโยธา,"1. งบบุคลากร 1,213,460 บาท","1.3 ค่าจ้างชั่วคราว 86,400 บาท",02101-1 ค่าจ้างชั่วคราว 1 อัตรา 62560 บาท,62560
207,งานบริหารทั่วไปฝ่ายโยธา,"1. งบบุคลากร 1,213,460 บาท","1.3 ค่าจ้างชั่วคราว 86,400 บาท","02102-1 เงินเพิ่มการครองซีพชั่วคราวของลูกจ้างชั่วคราว 9,440 บาท","9,440"
208,งานบริหารทั่วไปฝ่ายโยธา,"1. งบบุคลากร 1,213,460 บาท","1.3 ค่าจ้างชั่วคราว 86,400 บาท","02103-1 เงินช่วยเหลือค่าครองชีพของลูกจ้างชั่วคราว 14,400 บาท","14,400"
209,งานบริหารทั่วไปฝ่ายโยธา,"1. งบบุคลากร 1,213,460 บาท","1.4 ค่าตอบแทน ใช้สอยและวัสดุ 26,560 บาท",03128-1 เงินตอบแทนพิเศษของลูกจ้างประจํา 4040 บาท,4040
210,งานบริหารทั่วไปฝ่ายโยธา,"1. งบบุคลากร 1,213,460 บาท","1.4 ค่าตอบแทน ใช้สอยและวัสดุ 26,560 บาท",03217-1 เงินสมทบกองทุนประกันสังคม 4320 บาท,4320
211,งานบริหารทั่วไปฝ่ายโยธา,"1. งบบุคลากร 1,213,460 บาท","1.4 ค่าตอบแทน ใช้สอยและวัสดุ 26,560 บาท","03611-1 ค่าเครื่องแต่งกาย 18,200 บาท","18,200"
212,งานบริหารทั่วไปฝ่ายโยธา,"2. งบดําเนินงาน 236,000 บาท","2.1 ค่าใช้สอย 53,400 บาท",,"53,400"
213,งานบริหารทั่วไปฝ่ายโยธา,"2. งบดําเนินงาน 236,000 บาท","2.2 ค่าวัสดุ 182,600 บาท",,"182,600"
214,งานบริหารทั่วไปฝ่ายโยธา,"3. งบลงทุน 76,100 บาท","05101-1 (1) เครื่องปรับอากาศ แบบแยกส่วน (ราคารวมค่าติดตั้ง) แบบตั้งพื้นหรือแบบแขวน ขนาด 15,000 บีทียู 1 เครื่อง 25,900 บาท",,"25,900"
215,งานบริหารทั่วไปฝ่ายโยธา,"3. งบลงทุน 76,100 บาท","05108-7 2 ตู้เหล็ก แบบ 2 บาน 5 ตู้ 29,500 บาท",,"29,500"
216,งานอนุญาตก่อสร้าง ควบคุมอาคารและผังเมือง,"3. งบลงทุน 76,100 บาท","05109-6 (3) ตู้เหล็ก แบบ 4 ลิ้นชัก 3 ตู้ 20,700 บาท",,"20,700"
217,งานอนุญาตก่อสร้าง ควบคุมอาคารและผังเมือง,"1. งบบุคลากร 2390,520 บาท","1.1 เงินเดือน 1,230,960 บาท","01101-1 อัตราเดิม 6 อัตรา 1,100,080 บาท","1,100,080"
218,งานอนุญาตก่อสร้าง ควบคุมอาคารและผังเมือง,"1. งบบุคลากร 2390,520 บาท","1.1 เงินเดือน 1,230,960 บาท","01102-1 เงินเลื่อนขั้น 66,000 บาท","66,000"
219,งานอนุญาตก่อสร้าง ควบคุมอาคารและผังเมือง,"1. งบบุคลากร 2390,520 บาท","1.1 เงินเดือน 1,230,960 บาท","01106-1 เงินประจําตําแหน่ง 26,880 บาท","26,880"
220,งานอนุญาตก่อสร้าง ควบคุมอาคารและผังเมือง,"1. งบบุคลากร 2390,520 บาท","1.1 เงินเดือน 1,230,960 บาท","01107-1 เงินค่าตอบแทนรายเดือนของข้าราชการ 26,880 บาท","26,880"
221,งานอนุญาตก่อสร้าง ควบคุมอาคารและผังเมือง,"1. งบบุคลากร 2390,520 บาท","1.1 เงินเดือน 1,230,960 บาท","01108-1 เงินเพิ่มการครองชีพชั่วคราวของข้าราชการ 6,400 บาท","6,400"
222,งานอนุญาตก่อสร้าง ควบคุมอาคารและผังเมือง,"1. งบบุคลากร 2390,520 บาท","1.1 เงินเดือน 1,230,960 บาท","01109-1 เงินช่วยเหลือค่าครองชีพของข้าราชการ 4,720 บาท","4,720"
223,งานอนุญาตก่อสร้าง ควบคุมอาคารและผังเมือง,"1. งบบุคลากร 2390,520 บาท","1.2 ค่าจ้างประจํา 970,040 บาท","01201-1 อัตราเดิม 4 อัตรา 914,400 บาท","914,400"
224,งานอนุญาตก่อสร้าง ควบคุมอาคารและผังเมือง,"1. งบบุคลากร 2390,520 บาท","1.2 ค่าจ้างประจํา 970,040 บาท","01202-1 เงินเพิ่มค่าจ้างประจํา 43,800 บาท","43,800"
225,งานอนุญาตก่อสร้าง ควบคุมอาคารและผังเมือง,"1. งบบุคลากร 2390,520 บาท","1.2 ค่าจ้างประจํา 970,040 บาท","01205-1 เงินเพิ่มการครองซีพชั่วคราวของลูกจ้างประจํา 9,800 บาท","9,800"
226,งานอนุญาตก่อสร้าง ควบคุมอาคารและผังเมือง,"1. งบบุคลากร 2390,520 บาท","1.2 ค่าจ้างประจํา 970,040 บาท","01206-1 เงินช่วยเหลือค่าครองชีพของลูกจ้างประจํา 2,040 บาท","2,040"
227,งานอนุญาตก่อสร้าง ควบคุมอาคารและผังเมือง,"1. งบบุคลากร 2390,520 บาท","1.3 ค่าจ้างชั่วคราว 172,800 บาท","02101-1 ค่าจ้างชั่วคราว 1 อัตรา 125,120 บาท","125,120"
228,งานอนุญาตก่อสร้าง ควบคุมอาคารและผังเมือง,"1. งบบุคลากร 2390,520 บาท","1.3 ค่าจ้างชั่วคราว 172,800 บาท","02102-1 เงินเพิ่มการครองซีพชั่วคราวของลูกจ้างชั่วคราว 18,880 บาท","18,880"
229,งานอนุญาตก่อสร้าง ควบคุมอาคารและผังเมือง,"1. งบบุคลากร 2390,520 บาท","1.3 ค่าจ้างชั่วคราว 172,800 บาท","02103-1 เงินช่วยเหลือค่าครองชีพของลูกจ้างชั่วคราว 28,800 บาท","28,800"
230,งานอนุญาตก่อสร้าง ควบคุมอาคารและผังเมือง,"1. งบบุคลากร 2390,520 บาท","1.4 ค่าตอบแทน ใช้สอยและวัสดุ 16,720 บาท","03128-1 เงินตอบแทนพิเศษของลูกจ้างประจํา 8,080 บาท","8,080"
231,งานบํารุงรักษาซ่อมแซม,"1. งบบุคลากร 2390,520 บาท","1.4 ค่าตอบแทน ใช้สอยและวัสดุ 16,720 บาท","03217-1 เงินสมทบกองทุนประกันสังคม 8,640 บาท","8,640"
232,งานบํารุงรักษาซ่อมแซม,"1. งบบุคลากร 2,390,520 บาท","1.1 เงินเดือน 1,230,960 บาท","01101-1 อัตราเดิม 6 อัตรา 1,100,080 บาท","1,100,080"
233,งานบํารุงรักษาซ่อมแซม,"1. งบบุคลากร 2,390,520 บาท","1.1 เงินเดือน 1,230,960 บาท","01102-1 เงินเลื่อนขั้น 66,000 บาท","66,000"
234,งานบํารุงรักษาซ่อมแซม,"1. งบบุคลากร 2,390,520 บาท","1.1 เงินเดือน 1,230,960 บาท","01106-1 เงินประจําตําแหน่ง 26,880 บาท","26,880"
235,งานบํารุงรักษาซ่อมแซม,"1. งบบุคลากร 2,390,520 บาท","1.1 เงินเดือน 1,230,960 บาท","01107-1 เงินค่าตอบแทนรายเดือนของข้าราชการ 26,880 บาท","26,880"
236,งานบํารุงรักษาซ่อมแซม,"1. งบบุคลากร 2,390,520 บาท","1.1 เงินเดือน 1,230,960 บาท","01108-1 เงินเพิ่มการครองชีพชั่วคราวของข้าราชการ 6,400 บาท","6,400"
237,งานบํารุงรักษาซ่อมแซม,"1. งบบุคลากร 2,390,520 บาท","1.1 เงินเดือน 1,230,960 บาท",01109-1 เงินช่วยเหลือค่าครองชีพของข้าราชการ 4720 บาท,4720
238,งานบํารุงรักษาซ่อมแซม,"1. งบบุคลากร 2,390,520 บาท","1.2 ค่าจ้างประจํา 970,040 บาท","01201-1 อัตราเดิม 4 อัตรา 914,400 บาท","914,400"
239,งานบํารุงรักษาซ่อมแซม,"1. งบบุคลากร 2,390,520 บาท","1.2 ค่าจ้างประจํา 970,040 บาท","01202-1 เงินเพิ่มค่าจ้างประจํา 43,800 บาท","43,800"
240,งานบํารุงรักษาซ่อมแซม,"1. งบบุคลากร 2,390,520 บาท","1.2 ค่าจ้างประจํา 970,040 บาท","01205-1 เงินเพิ่มการครองซีพชั่วคราวของลูกจ้างประจํา 9,800 บาท","9,800"
241,งานบํารุงรักษาซ่อมแซม,"1. งบบุคลากร 2,390,520 บาท","1.2 ค่าจ้างประจํา 970,040 บาท","01206-1 เงินช่วยเหลือค่าครองชีพของลูกจ้างประจํา 2,040 บาท","2,040"
242,งานบํารุงรักษาซ่อมแซม,"1. งบบุคลากร 2,390,520 บาท","1.3 ค่าจ้างชั่วคราว 172,800 บาท","02101-1 ค่าจ้างชั่วคราว 1 อัตรา 125,120 บาท","125,120"
243,งานบํารุงรักษาซ่อมแซม,"1. งบบุคลากร 2,390,520 บาท","1.3 ค่าจ้างชั่วคราว 172,800 บาท","02102-1 เงินเพิ่มการครองซีพชั่วคราวของลูกจ้างชั่วคราว 18,880 บาท","18,880"
244,งานบํารุงรักษาซ่อมแซม,"1. งบบุคลากร 2,390,520 บาท","1.3 ค่าจ้างชั่วคราว 172,800 บาท","02103-1 เงินช่วยเหลือค่าครองชีพของลูกจ้างชั่วคราว 28,800 บาท","28,800"
245,งานบํารุงรักษาซ่อมแซม,"1. งบบุคลากร 2,390,520 บาท","1.4 ค่าตอบแทน ใช้สอยและวัสดุ 16,720 บาท","03128-1 เงินตอบแทนพิเศษของลูกจ้างประจํา 8,080 บาท","8,080"
246,งานบํารุงรักษาซ่อมแซม,"1. งบบุคลากร 2,390,520 บาท","1.4 ค่าตอบแทน ใช้สอยและวัสดุ 16,720 บาท","03217-1 เงินสมทบกองทุนประกันสังคม 8,640 บาท","8,640"
247,งานบํารุงรักษาซ่อมแซม,"2. งบดําเนินงาน 1,906,100 บาท","2.1 ค่าตอบแทน 790,400 บาท",,"790,400"
248,งานบํารุงรักษาซ่อมแซม,"2. งบดําเนินงาน 1,906,100 บาท","2.2 ค่าใช้สอย 394,000 บาท",,"394,000"
249,งานบํารุงรักษาซ่อมแซม,"2. งบดําเนินงาน 1,906,100 บาท","2.3 ค่าวัสดุ 721,700 บาท",,"721,700"
250,งานบํารุงรักษาซ่อมแซม,"3. งบลงทุน 3,000 บาท","05199-3 เทปวัดระยะทางไฟเบอร์ใยแก้ว 2 อัน 3,000 บาท",,"3,000"
251,งานระบายน้้าและแก้ไขปัญหาน้้าท่วม,"4. งบรายจ่ายอื่น 1,500,000 บาท","07123-1 ค่าใช้จ่ายในการซ่อมแซมป์ารุงรักษาถนน ตรอก ซขอยและสิ่งสาธารณประโยชน์ เพื่อแก้ไขปัญหาความเดือดร้อนของประชาชน 1,500,000 บาท",,"1,500,000"
252,งานระบายน้้าและแก้ไขปัญหาน้้าท่วม,"1. งบบุคลากร 4,958,000 บาท","1.1 เงินเดือน 573,900 บาท","01101-1 อัตราเดิม 4 อัตรา 534,300 บาท","534,300"
253,งานระบายน้้าและแก้ไขปัญหาน้้าท่วม,"1. งบบุคลากร 4,958,000 บาท","1.1 เงินเดือน 573,900 บาท","01102-1 เงินเลื่อนขั้น 32,100 บาท","32,100"
254,งานระบายน้้าและแก้ไขปัญหาน้้าท่วม,"1. งบบุคลากร 4,958,000 บาท","1.1 เงินเดือน 573,900 บาท","01108-1 เงินเพิ่มการครองชีพชั่วคราวของข้าราชการ 5,800 บาท","5,800"
255,งานระบายน้้าและแก้ไขปัญหาน้้าท่วม,"1. งบบุคลากร 4,958,000 บาท","1.1 เงินเดือน 573,900 บาท","01109-1 เงินช่วยเหลือค่าครองชีพของข้าราชการ 1,700 บาท","1,700"
256,งานระบายน้้าและแก้ไขปัญหาน้้าท่วม,"1. งบบุคลากร 4,958,000 บาท","1.2 ค่าจ้างประจํา 3,684,000 บาท","01201-1 อัตราเดิม 15 อัตรา 3,494,600 บาท","3,494,600"
257,งานระบายน้้าและแก้ไขปัญหาน้้าท่วม,"1. งบบุคลากร 4,958,000 บาท","1.2 ค่าจ้างประจํา 3,684,000 บาท","01202-1 เงินเพิ่มค่าจ้างประจํา 103,800 บาท","103,800"
258,งานระบายน้้าและแก้ไขปัญหาน้้าท่วม,"1. งบบุคลากร 4,958,000 บาท","1.2 ค่าจ้างประจํา 3,684,000 บาท","01205-1 เงินเพิ่มการครองซีพชั่วคราวของลูกจ้างประจํา 48,000 บาท","48,000"
259,งานระบายน้้าและแก้ไขปัญหาน้้าท่วม,"1. งบบุคลากร 4,958,000 บาท","1.2 ค่าจ้างประจํา 3,684,000 บาท","01206-1 เงินช่วยเหลือค่าครองชีพของลูกจ้างประจํา 37,600 บาท","37,600"
260,งานระบายน้้าและแก้ไขปัญหาน้้าท่วม,"1. งบบุคลากร 4,958,000 บาท","1.3 ค่าจ้างชั่วคราว 576,000 บาท","02101-1 ค่าจ้างชั่วคราว 4 อัตรา 417,100 บาท","417,100"
261,งานระบายน้้าและแก้ไขปัญหาน้้าท่วม,"1. งบบุคลากร 4,958,000 บาท","1.3 ค่าจ้างชั่วคราว 576,000 บาท",02102-1 เงินเพิ่มการครองซีพชั่วคราวของลูกจ้างชั่วคราว 62900 บาท,62900
262,งานระบายน้้าและแก้ไขปัญหาน้้าท่วม,"1. งบบุคลากร 4,958,000 บาท","1.3 ค่าจ้างชั่วคราว 576,000 บาท","02103-1 เงินช่วยเหลือค่าครองชีพของลูกจ้างชั่วคราว 96,000 บาท","96,000"
263,งานระบายน้้าและแก้ไขปัญหาน้้าท่วม,"1. งบบุคลากร 4,958,000 บาท","1.4 ค่าตอบแทน ใช้สอยและวัสดุ 124,100 บาท",03128-1 เงินตอบแทนพิเศษของลูกจ้างประจํา 70600 บาท,70600
264,งานระบายน้้าและแก้ไขปัญหาน้้าท่วม,"1. งบบุคลากร 4,958,000 บาท","1.4 ค่าตอบแทน ใช้สอยและวัสดุ 124,100 บาท","03217-1 เงินสมทบกองทุนประกันสังคม 28,800 บาท","28,800"
265,งานระบายน้้าและแก้ไขปัญหาน้้าท่วม,"1. งบบุคลากร 4,958,000 บาท","1.4 ค่าตอบแทน ใช้สอยและวัสดุ 124,100 บาท","03611-1 ค่าเครื่องแต่งกาย 24,700 บาท","24,700"
266,งานระบายน้้าและแก้ไขปัญหาน้้าท่วม,"2. งบดําเนินงาน 1,606,500 บาท","2.1 ค่าตอบแทน 316,500 บาท",,"316,500"
267,งานระบายน้้าและแก้ไขปัญหาน้้าท่วม,"2. งบดําเนินงาน 1,606,500 บาท","2.2 ค่าใช้สอย 868,000 บาท",,"868,000"
268,งานระบายน้้าและแก้ไขปัญหาน้้าท่วม,"2. งบดําเนินงาน 1,606,500 บาท","2.3 ค่าวัสดุ 422,000 บาท",,"422,000"
269,งานระบายน้้าและแก้ไขปัญหาน้้าท่วม,"3. งบลงทุน 76,500 บาท","05199-1 (1) เครื่องตบดิน 1 เครื่อง 21,000 บาท",,"21,000"
270,งานบริหารทั่วไปฝ่ายพัฒนาชุมชน,"3. งบลงทุน 76,500 บาท","05199-2 (2) เครื่องกําเนิดไฟฟ้า (ราคาไม่รวมค่าติดตั้ง) ขนาด 5 กิโลวัตต์ 1 เครื่อง 55,500 บาท",,"55,500"
271,งานบริหารทั่วไปฝ่ายพัฒนาชุมชน,"1. งบบุคลากร 1,458,840 บาท","1.1 เงินเดือน 1,278,960 บาท","01101-1 อัตราเดิม 5 อัตรา 1,178,8640 บาท","1,178,8640"
272,งานบริหารทั่วไปฝ่ายพัฒนาชุมชน,"1. งบบุคลากร 1,458,840 บาท","1.1 เงินเดือน 1,278,960 บาท",01102-1 เงินเลื่อนขั้น 70680 บาท,70680
273,งานบริหารทั่วไปฝ่ายพัฒนาชุมชน,"1. งบบุคลากร 1,458,840 บาท","1.1 เงินเดือน 1,278,960 บาท","01107-1 เงินค่าตอบแทนรายเดือนของข้าราชการ 16,800 บาท","16,800"
274,งานบริหารทั่วไปฝ่ายพัฒนาชุมชน,"1. งบบุคลากร 1,458,840 บาท","1.1 เงินเดือน 1,278,960 บาท","01108-1 เงินเพิ่มการครองชีพชั่วคราวของข้าราชการ 9,600 บาท","9,600"
275,งานบริหารทั่วไปฝ่ายพัฒนาชุมชน,"1. งบบุคลากร 1,458,840 บาท","1.1 เงินเดือน 1,278,960 บาท","01109-1 เงินช่วยเหลือค่าครองชีพของข้าราชการ 3,040 บาท","3,040"
276,งานบริหารทั่วไปฝ่ายพัฒนาชุมชน,"1. งบบุคลากร 1,458,840 บาท","1.2 ค่าจ้างประจํา 171,520 บาท","01201-1 อัตราเดิม 1 อัตรา 147,160 บาท","147,160"
277,งานบริหารทั่วไปฝ่ายพัฒนาชุมชน,"1. งบบุคลากร 1,458,840 บาท","1.2 ค่าจ้างประจํา 171,520 บาท","01202-1 เงินเพิ่มค่าจ้างประจํา 8,800 บาท","8,800"
278,งานบริหารทั่วไปฝ่ายพัฒนาชุมชน,"1. งบบุคลากร 1,458,840 บาท","1.2 ค่าจ้างประจํา 171,520 บาท","01205-1 เงินเพิ่มการครองซีพชั่วคราวของลูกจ้างประจํา 9,600 บาท","9,600"
279,งานบริหารทั่วไปฝ่ายพัฒนาชุมชน,"1. งบบุคลากร 1,458,840 บาท","1.2 ค่าจ้างประจํา 171,520 บาท","01206-1 เงินช่วยเหลือค่าครองชีพของลูกจ้างประจํา 5,960 บาท","5,960"
280,งานบริหารทั่วไปฝ่ายพัฒนาชุมชน,"1. งบบุคลากร 1,458,840 บาท","1.3 ค่าตอบแทน ใช้สอยและวัสดุ 8,360 บาท","03217-1 เงินสมทบกองทุนประกันสังคม 5,760 บาท","5,760"
281,งานบริหารทั่วไปฝ่ายพัฒนาชุมชน,"1. งบบุคลากร 1,458,840 บาท","1.3 ค่าตอบแทน ใช้สอยและวัสดุ 8,360 บาท","03611-1 ค่าเครื่องแต่งกาย 2,600 บาท","2,600"
282,งานบริหารทั่วไปฝ่ายพัฒนาชุมชน,"2. งบดําเนินงาน 1.,777,300 บาท","2.1 ค่าตอบแทน ใช้สอยและวัสดุ 1,760,500 บาท","2.1.1 ค่าตอบแทน 1,016,400 บาท","1,016,400"
283,งานบริหารทั่วไปฝ่ายพัฒนาชุมชน,"2. งบดําเนินงาน 1.,777,300 บาท","2.1 ค่าตอบแทน ใช้สอยและวัสดุ 1,760,500 บาท","2.1.2 ค่าใช้สอย 436,700 บาท","436,700"
284,งานบริหารทั่วไปฝ่ายพัฒนาชุมชน,"2. งบดําเนินงาน 1.,777,300 บาท","2.1 ค่าตอบแทน ใช้สอยและวัสดุ 1,760,500 บาท","2.1.3 ค่าวัสดุ 307,400 บาท","307,400"
285,งานพัฒนาชุมชนและบริการสังคม,"2. งบดําเนินงาน 1.,777,300 บาท","2.2 ค่าสาธารณูปโภค 16,800 บาท",,"16,800"
286,งานพัฒนาชุมชนและบริการสังคม,"1. งบบุคลากร 2,184,360 บาท","1.1 เงินเดือน 1,918,440 บาท","01101-1 อัตราเดิม 7 อัตรา 1,768,260 บาท","1,768,260"
287,งานพัฒนาชุมชนและบริการสังคม,"1. งบบุคลากร 2,184,360 บาท","1.1 เงินเดือน 1,918,440 บาท","01102-1 เงินเลื่อนขั้น 106,020 บาท","106,020"
288,งานพัฒนาชุมชนและบริการสังคม,"1. งบบุคลากร 2,184,360 บาท","1.1 เงินเดือน 1,918,440 บาท","01107-1 เงินค่าตอบแทนรายเดือนของข้าราชการ 25,200 บาท","25,200"
289,งานพัฒนาชุมชนและบริการสังคม,"1. งบบุคลากร 2,184,360 บาท","1.1 เงินเดือน 1,918,440 บาท","01108-1 เงินเพิ่มการครองชีพชั่วคราวของข้าราชการ 14,400 บาท","14,400"
290,งานพัฒนาชุมชนและบริการสังคม,"1. งบบุคลากร 2,184,360 บาท","1.1 เงินเดือน 1,918,440 บาท",01109-1 เงินช่วยเหลือค่าครองชีพของข้าราชการ 4560 บาท,4560
291,งานพัฒนาชุมชนและบริการสังคม,"1. งบบุคลากร 2,184,360 บาท","1.2 ค่าจ้างประจํา 257,280 บาท","01201-1 อัตราเดิม 1 อัตรา 220,740 บาท","220,740"
292,งานพัฒนาชุมชนและบริการสังคม,"1. งบบุคลากร 2,184,360 บาท","1.2 ค่าจ้างประจํา 257,280 บาท","01202-1 เงินเพิ่มค่าจ้างประจํา 13,200 บาท","13,200"
293,งานพัฒนาชุมชนและบริการสังคม,"1. งบบุคลากร 2,184,360 บาท","1.2 ค่าจ้างประจํา 257,280 บาท","01205-1 เงินเพิ่มการครองซีพชั่วคราวของลูกจ้างประจํา 14,400 บาท","14,400"
294,งานพัฒนาชุมชนและบริการสังคม,"1. งบบุคลากร 2,184,360 บาท","1.2 ค่าจ้างประจํา 257,280 บาท","01206-1 เงินช่วยเหลือค่าครองชีพของลูกจ้างประจํา 8,940 บาท","8,940"
295,งานพัฒนาชุมชนและบริการสังคม,"1. งบบุคลากร 2,184,360 บาท","1.3 ค่าตอบแทน ใช้สอยและวัสดุ 8,640 บาท","03217-1 เงินสมทบกองทุนประกันสังคม 8,640 บาท","8,640"
296,งานพัฒนาชุมชนและบริการสังคม,"2. งบดําเนินงาน 358,200 บาท","2.1 ค่าตอบแทน ใช้สอยและวัสดุ 333,000 บาท","2.1.1 ค่าตอบแทน 322,200 บาท","322,200"
297,งานพัฒนาชุมชนและบริการสังคม,"2. งบดําเนินงาน 358,200 บาท","2.1 ค่าตอบแทน ใช้สอยและวัสดุ 333,000 บาท","2.1.2 ค่าใช้สอย 10,800 บาท","10,800"
298,งานพัฒนาชุมชนและบริการสังคม,"2. งบดําเนินงาน 358,200 บาท","2.2 ค่าสาธารณูปโภค 25,200 บาท",,"25,200"
299,งานพัฒนาชุมชนและบริการสังคม,"3. งบรายจ่ายอื่น 5,190,700 บาท","07102-1 1 ค่าใช้จ่ายในการสนับสนุนการดําเนินงาน ของคณะกรรมการชุมชน 1,530,000 บาท",,"1,530,000"
300,งานพัฒนาชุมชนและบริการสังคม,"3. งบรายจ่ายอื่น 5,190,700 บาท","07199-1 (2) ค่าใช้จ่ายในการสนับสนุนเจ้าหน้าที่เพื่อปฏิบัติงาน ด้านเด็ก สตรี ผู้สูงอายุ คนพิการ และผู้ด้อยโอกาส 514,600 บาท",,"514,600"
301,งานพัฒนาชุมชนและบริการสังคม,"3. งบรายจ่ายอื่น 5,190,700 บาท","07199-2 (3) ค่าใช้จ่ายในการจ้างอาสาสมัครเจ้าหน้าที่ปฏิบัติงาน ด้านพัฒนาสังคม 585,200 บาท",,"585,200"
302,งานพัฒนาชุมชนและบริการสังคม,"3. งบรายจ่ายอื่น 5,190,700 บาท","07199-3 4 ค่าใช้จ่ายในการส่งเสริมกิจกรรมสโมสรกีฬา และลานกีฬา 1,225,800 บาท",,"1,225,800"
303,งานพัฒนาชุมชนและบริการสังคม,"3. งบรายจ่ายอื่น 5,190,700 บาท","07199-4 (5) ค่าใช้จ่ายในการจัดกิจกรรมการออกกําลังกาย 369,000 บาท",,"369,000"
304,งานพัฒนาชุมชนและบริการสังคม,"3. งบรายจ่ายอื่น 5,190,700 บาท","07199-5 (6) ค่าใช้จ่ายในการบริหารจัดการพิพิธภัณฑ์ท้องถิ่น กรุงเทพมหานคร 486,100 บาท",,"486,100"
305,งานพัฒนาชุมชนและบริการสังคม,"3. งบรายจ่ายอื่น 5,190,700 บาท","07199-6 (7) ค่าใช้จ่ายในการจัดกิจกรรมครอบครัวรักการอ่าน 40,000 บาท",,"40,000"
306,งานพัฒนาชุมชนและบริการสังคม,"3. งบรายจ่ายอื่น 5,190,700 บาท","07199-7 (8) ค่าใช้จ่ายศูนย์ประสานงานธนาคารสมอง ของกรุงเทพมหานคร 10,000 บาท",,"10,000"
307,งานพัฒนาชุมชนและบริการสังคม,"3. งบรายจ่ายอื่น 5,190,700 บาท","07199-8 (9) ค่าใช้จ่ายในการฝึกอบรมวิชาชีพเสริมรายได้ 60,000 บาท",,"60,000"
308,งานพัฒนาชุมชนและบริการสังคม,"3. งบรายจ่ายอื่น 5,190,700 บาท","07199-9 (10) ค่าใช้จ่ายในการจัดงานวันสําคัญ อนุรักษ์ สืบสานวัฒนธรรมประเพณี 190,000 บาท",,"190,000"
309,งานบริหารทั่วไปฝ่ายสิ่งแวดล้อมและสุขาภิบาล,"3. งบรายจ่ายอื่น 5,190,700 บาท","07199-10 (11) ค่าใช้จ่ายในการส่งเสริมกิจการสภาเด็ก และเยาวชนกรุงเทพมหานคร 180,000 บาท",,"180,000"
310,งานบริหารทั่วไปฝ่ายสิ่งแวดล้อมและสุขาภิบาล,"1. งบบุคลากร 1067,180 บาท","1.1 เงินเดือน 882,100 บาท","01101-1 อัตราเดิม 2 อัตรา 823,540 บาท","823,540"
311,งานบริหารทั่วไปฝ่ายสิ่งแวดล้อมและสุขาภิบาล,"1. งบบุคลากร 1067,180 บาท","1.1 เงินเดือน 882,100 บาท","01102-1 เงินเลื่อนขั้น 49,400 บาท","49,400"
312,งานบริหารทั่วไปฝ่ายสิ่งแวดล้อมและสุขาภิบาล,"1. งบบุคลากร 1067,180 บาท","1.1 เงินเดือน 882,100 บาท","01107-1 เงินค่าตอบแทนรายเดือนของข้าราชการ 8,400 บาท","8,400"
313,งานบริหารทั่วไปฝ่ายสิ่งแวดล้อมและสุขาภิบาล,"1. งบบุคลากร 1067,180 บาท","1.1 เงินเดือน 882,100 บาท",01108-1 เงินเพิ่มการครองชีพชั่วคราวของข้าราชการ 600 บาท,600
314,งานบริหารทั่วไปฝ่ายสิ่งแวดล้อมและสุขาภิบาล,"1. งบบุคลากร 1067,180 บาท","1.1 เงินเดือน 882,100 บาท",01109-1 เงินช่วยเหลือค่าครองชีพของข้าราชการ 160 บาท,160
315,งานบริหารทั่วไปฝ่ายสิ่งแวดล้อมและสุขาภิบาล,"1. งบบุคลากร 1067,180 บาท","1.2 ค่าจ้างประจํา 116,800 บาท","01201-1 อัตราเดิม 1 อัตรา 98,720 บาท","98,720"
316,งานบริหารทั่วไปฝ่ายสิ่งแวดล้อมและสุขาภิบาล,"1. งบบุคลากร 1067,180 บาท","1.2 ค่าจ้างประจํา 116,800 บาท","01202-1 เงินเพิ่มค่าจ้างประจํา 5,920 บาท","5,920"
317,งานบริหารทั่วไปฝ่ายสิ่งแวดล้อมและสุขาภิบาล,"1. งบบุคลากร 1067,180 บาท","1.2 ค่าจ้างประจํา 116,800 บาท","01205-1 เงินเพิ่มการครองซีพชั่วคราวของลูกจ้างประจํา 10,140 บาท","10,140"
318,งานบริหารทั่วไปฝ่ายสิ่งแวดล้อมและสุขาภิบาล,"1. งบบุคลากร 1067,180 บาท","1.2 ค่าจ้างประจํา 116,800 บาท",01206-1 เงินช่วยเหลือค่าครองชีพของลูกจ้างประจํา 2020 บาท,2020
319,งานบริหารทั่วไปฝ่ายสิ่งแวดล้อมและสุขาภิบาล,"1. งบบุคลากร 1067,180 บาท","1.3 ค่าจ้างชั่วคราว 57,600 บาท","02101-1 ค่าจ้างชั่วคราว 1 อัตรา 43,400 บาท","43,400"
320,งานบริหารทั่วไปฝ่ายสิ่งแวดล้อมและสุขาภิบาล,"1. งบบุคลากร 1067,180 บาท","1.3 ค่าจ้างชั่วคราว 57,600 บาท","02102-1 เงินเพิ่มการครองซีพชั่วคราวของลูกจ้างชั่วคราว 4,600 บาท","4,600"
321,งานบริหารทั่วไปฝ่ายสิ่งแวดล้อมและสุขาภิบาล,"1. งบบุคลากร 1067,180 บาท","1.3 ค่าจ้างชั่วคราว 57,600 บาท","02103-1 เงินช่วยเหลือค่าครองชีพของลูกจ้างชั่วคราว 9,600 บาท","9,600"
322,งานบริหารทั่วไปฝ่ายสิ่งแวดล้อมและสุขาภิบาล,"1. งบบุคลากร 1067,180 บาท","1.4 ค่าตอบแทน ใช้สอยและวัสดุ 10,680 บาท",03217-1 เงินสมทบกองทุนประกันสังคม 2880 บาท,2880
323,งานบริหารทั่วไปฝ่ายสิ่งแวดล้อมและสุขาภิบาล,"1. งบบุคลากร 1067,180 บาท","1.4 ค่าตอบแทน ใช้สอยและวัสดุ 10,680 บาท","03611-1 ค่าเครื่องแต่งกาย 7,800 บาท","7,800"
324,งานบริหารทั่วไปฝ่ายสิ่งแวดล้อมและสุขาภิบาล,"2. งบดําเนินงาน 300,200 บาท","2.1 ค่าตอบแทน 11,700 บาท",,"11,700"
325,งานบริหารทั่วไปฝ่ายสิ่งแวดล้อมและสุขาภิบาล,"2. งบดําเนินงาน 300,200 บาท","2.2 ค่าใช้สอย 65,900 บาท",,"65,900"
326,งานสุขาภิบาลอาหารและอนามัยสิ่งแวดล้อม,"2. งบดําเนินงาน 300,200 บาท","2.3 ค่าวัสดุ 222,600 บาท",,"222,600"
327,งานสุขาภิบาลอาหารและอนามัยสิ่งแวดล้อม,"1. งบบุคลากร 2118,760 บาท","1.1 เงินเดือน 1,764,200 บาท","01101-1 อัตราเดิม 6 อัตรา 1,647,080 บาท","1,647,080"
328,งานสุขาภิบาลอาหารและอนามัยสิ่งแวดล้อม,"1. งบบุคลากร 2118,760 บาท","1.1 เงินเดือน 1,764,200 บาท","01102-1 เงินเลื่อนขั้น 98,800 บาท","98,800"
329,งานสุขาภิบาลอาหารและอนามัยสิ่งแวดล้อม,"1. งบบุคลากร 2118,760 บาท","1.1 เงินเดือน 1,764,200 บาท","01107-1 เงินค่าตอบแทนรายเดือนของข้าราชการ 16,800 บาท","16,800"
330,งานสุขาภิบาลอาหารและอนามัยสิ่งแวดล้อม,"1. งบบุคลากร 2118,760 บาท","1.1 เงินเดือน 1,764,200 บาท","01108-1 เงินเพิ่มการครองชีพชั่วคราวของข้าราชการ 1,200 บาท","1,200"
331,งานสุขาภิบาลอาหารและอนามัยสิ่งแวดล้อม,"1. งบบุคลากร 2118,760 บาท","1.1 เงินเดือน 1,764,200 บาท",01109-1 เงินช่วยเหลือค่าครองชีพของข้าราชการ 320 บาท,320
332,งานสุขาภิบาลอาหารและอนามัยสิ่งแวดล้อม,"1. งบบุคลากร 2118,760 บาท","1.2 ค่าจ้างประจํา 233,600 บาท","01201-1 อัตราเดิม 2 อัตรา 197,440 บาท","197,440"
333,งานสุขาภิบาลอาหารและอนามัยสิ่งแวดล้อม,"1. งบบุคลากร 2118,760 บาท","1.2 ค่าจ้างประจํา 233,600 บาท","01202-1 เงินเพิ่มค่าจ้างประจํา 11,840 บาท","11,840"
334,งานสุขาภิบาลอาหารและอนามัยสิ่งแวดล้อม,"1. งบบุคลากร 2118,760 บาท","1.2 ค่าจ้างประจํา 233,600 บาท","01205-1 เงินเพิ่มการครองซีพชั่วคราวของลูกจ้างประจํา 20,280 บาท","20,280"
335,งานสุขาภิบาลอาหารและอนามัยสิ่งแวดล้อม,"1. งบบุคลากร 2118,760 บาท","1.2 ค่าจ้างประจํา 233,600 บาท",01206-1 เงินช่วยเหลือค่าครองชีพของลูกจ้างประจํา 4040 บาท,4040
336,งานสุขาภิบาลอาหารและอนามัยสิ่งแวดล้อม,"1. งบบุคลากร 2118,760 บาท","1.3 ค่าจ้างชั่วคราว 115,200 บาท","02101-1 ค่าจ้างชั่วคราว 1 อัตรา 86,800 บาท","86,800"
337,งานสุขาภิบาลอาหารและอนามัยสิ่งแวดล้อม,"1. งบบุคลากร 2118,760 บาท","1.3 ค่าจ้างชั่วคราว 115,200 บาท","02102-1 เงินเพิ่มการครองซีพชั่วคราวของลูกจ้างชั่วคราว 9,200 บาท","9,200"
338,งานสุขาภิบาลอาหารและอนามัยสิ่งแวดล้อม,"1. งบบุคลากร 2118,760 บาท","1.3 ค่าจ้างชั่วคราว 115,200 บาท","02103-1 เงินช่วยเหลือค่าครองชีพของลูกจ้างชั่วคราว 19,200 บาท","19,200"
339,งานสุขาภิบาลอาหารและอนามัยสิ่งแวดล้อม,"1. งบบุคลากร 2118,760 บาท","1.4 ค่าตอบแทน ใช้สอยและวัสดุ 5,760 บาท","03217-1 เงินสมทบกองทุนประกันสังคม 5,760 บาท","5,760"
340,งานป้องกันและควบคุมโรค,"2. งบดําเนินงาน 533,300 บาท",,,"533,300"
341,งานป้องกันและควบคุมโรค,"1. งบบุคลากร 2,118,760 บาท","1.1 เงินเดือน 1,764,200 บาท","01101-1 อัตราเดิม 6 อัตรา 1,647,080 บาท","1,647,080"
342,งานป้องกันและควบคุมโรค,"1. งบบุคลากร 2,118,760 บาท","1.1 เงินเดือน 1,764,200 บาท","01102-1 เงินเลื่อนขั้น 98,800 บาท","98,800"
343,งานป้องกันและควบคุมโรค,"1. งบบุคลากร 2,118,760 บาท","1.1 เงินเดือน 1,764,200 บาท","01107-1 เงินค่าตอบแทนรายเดือนของข้าราชการ 16,800 บาท","16,800"
344,งานป้องกันและควบคุมโรค,"1. งบบุคลากร 2,118,760 บาท","1.1 เงินเดือน 1,764,200 บาท","01108-1 เงินเพิ่มการครองชีพชั่วคราวของข้าราชการ 1,200 บาท","1,200"
345,งานป้องกันและควบคุมโรค,"1. งบบุคลากร 2,118,760 บาท","1.1 เงินเดือน 1,764,200 บาท",01109-1 เงินช่วยเหลือค่าครองชีพของข้าราชการ 320 บาท,320
346,งานป้องกันและควบคุมโรค,"1. งบบุคลากร 2,118,760 บาท","1.2 ค่าจ้างประจํา 233,600 บาท","01201-1 อัตราเดิม 1 อัตรา 197,440 บาท","197,440"
347,งานป้องกันและควบคุมโรค,"1. งบบุคลากร 2,118,760 บาท","1.2 ค่าจ้างประจํา 233,600 บาท","01202-1 เงินเพิ่มค่าจ้างประจํา 11,840 บาท","11,840"
348,งานป้องกันและควบคุมโรค,"1. งบบุคลากร 2,118,760 บาท","1.2 ค่าจ้างประจํา 233,600 บาท","01205-1 เงินเพิ่มการครองซีพชั่วคราวของลูกจ้างประจํา 20,280 บาท","20,280"
349,งานป้องกันและควบคุมโรค,"1. งบบุคลากร 2,118,760 บาท","1.2 ค่าจ้างประจํา 233,600 บาท",01206-1 เงินช่วยเหลือค่าครองชีพของลูกจ้างประจํา 4040 บาท,4040
350,งานป้องกันและควบคุมโรค,"1. งบบุคลากร 2,118,760 บาท","1.3 ค่าจ้างชั่วคราว 115,200 บาท","02101-1 ค่าจ้างชั่วคราว 1 อัตรา 86,800 บาท","86,800"
351,งานป้องกันและควบคุมโรค,"1. งบบุคลากร 2,118,760 บาท","1.3 ค่าจ้างชั่วคราว 115,200 บาท","02102-1 เงินเพิ่มการครองซีพชั่วคราวของลูกจ้างชั่วคราว 9,200 บาท","9,200"
352,งานป้องกันและควบคุมโรค,"1. งบบุคลากร 2,118,760 บาท","1.3 ค่าจ้างชั่วคราว 115,200 บาท","02103-1 เงินช่วยเหลือค่าครองชีพของลูกจ้างชั่วคราว 19,200 บาท","19,200"
353,งานป้องกันและควบคุมโรค,"1. งบบุคลากร 2,118,760 บาท","1.4 ค่าตอบแทน ใช้สอยและวัสดุ 5,760 บาท","03217-1 เงินสมทบกองทุนประกันสังคม 5,760 บาท","5,760"
354,งานบริหารทั่วไปฝ่ายการศึกษา,"3. งบลงทุน 170,000 บาท","05199-1 เครื่องพ่นสารเคมีชนิดหมอกควัน 2 เครื่อง 170,000 บาท",,"170,000"
355,งานบริหารทั่วไปฝ่ายการศึกษา,"1. งบบุคลากร 4,798,000 บาท","1.1 เงินเดือน 1,913,700 บาท","01101-1 อัตราเดิม 9 อัตรา 1,712,1750 บาท","1,712,1750"
356,งานบริหารทั่วไปฝ่ายการศึกษา,"1. งบบุคลากร 4,798,000 บาท","1.1 เงินเดือน 1,913,700 บาท","01102-1 เงินเลื่อนขั้น 106,400 บาท","106,400"
357,งานบริหารทั่วไปฝ่ายการศึกษา,"1. งบบุคลากร 4,798,000 บาท","1.1 เงินเดือน 1,913,700 บาท","01107-1 เงินค่าตอบแทนรายเดือนของข้าราชการ 21,000 บาท","21,000"
358,งานบริหารทั่วไปฝ่ายการศึกษา,"1. งบบุคลากร 4,798,000 บาท","1.1 เงินเดือน 1,913,700 บาท","01108-1 เงินเพิ่มการครองชีพชั่วคราวของข้าราชการ 10,550 บาท","10,550"
359,งานบริหารทั่วไปฝ่ายการศึกษา,"1. งบบุคลากร 4,798,000 บาท","1.1 เงินเดือน 1,913,700 บาท","01109-1 เงินช่วยเหลือค่าครองชีพของข้าราชการ 3,000 บาท","3,000"
360,งานบริหารทั่วไปฝ่ายการศึกษา,"1. งบบุคลากร 4,798,000 บาท","1.2 ค่าจ้างประจํา 1672,100 บาท","01201-1 อัตราเดิม 8 อัตรา 1,485,050 บาท","1,485,050"
361,งานบริหารทั่วไปฝ่ายการศึกษา,"1. งบบุคลากร 4,798,000 บาท","1.2 ค่าจ้างประจํา 1672,100 บาท","01202-1 เงินเพิ่มค่าจ้างประจํา 89,100 บาท","89,100"
362,งานบริหารทั่วไปฝ่ายการศึกษา,"1. งบบุคลากร 4,798,000 บาท","1.2 ค่าจ้างประจํา 1672,100 บาท","01205-1 เงินเพิ่มการครองซีพชั่วคราวของลูกจ้างประจํา 52,000 บาท","52,000"
363,งานบริหารทั่วไปฝ่ายการศึกษา,"1. งบบุคลากร 4,798,000 บาท","1.2 ค่าจ้างประจํา 1672,100 บาท","01206-1 เงินช่วยเหลือค่าครองชีพของลูกจ้างประจํา 45,950 บาท","45,950"
364,งานบริหารทั่วไปฝ่ายการศึกษา,"1. งบบุคลากร 4,798,000 บาท","1.3 ค่าจ้างชั่วคราว 1,152,000 บาท","02101-1 ค่าจ้างชั่วคราว 8 อัตรา 834,250 บาท","834,250"
365,งานบริหารทั่วไปฝ่ายการศึกษา,"1. งบบุคลากร 4,798,000 บาท","1.3 ค่าจ้างชั่วคราว 1,152,000 บาท","02102-1 เงินเพิ่มการครองซีพชั่วคราวของลูกจ้างชั่วคราว 125,750 บาท","125,750"
366,งานบริหารทั่วไปฝ่ายการศึกษา,"1. งบบุคลากร 4,798,000 บาท","1.3 ค่าจ้างชั่วคราว 1,152,000 บาท","02103-1 เงินช่วยเหลือค่าครองชีพของลูกจ้างชั่วคราว 192,000 บาท","192,000"
367,งานบริหารทั่วไปฝ่ายการศึกษา,"1. งบบุคลากร 4,798,000 บาท","1.4 ค่าตอบแทน ใช้สอยและวัสดุ 60,200 บาท","03217-1 เงินสมทบกองทุนประกันสังคม 57,600 บาท","57,600"
368,งานบริหารทั่วไปฝ่ายการศึกษา,"1. งบบุคลากร 4,798,000 บาท","1.4 ค่าตอบแทน ใช้สอยและวัสดุ 60,200 บาท","03611-1 ค่าเครื่องแต่งกาย 2,600 บาท","2,600"
369,งานบริหารทั่วไปฝ่ายการศึกษา,"2. งบดําเนินงาน 7,428,830 บาท","2.1 ค่าตอบแทน ใช้สอยและวัสดุ 5,786,130 บาท","2.1.1 ค่าตอบแทน 86,000 บาท","86,000"
370,งานบริหารทั่วไปฝ่ายการศึกษา,"2. งบดําเนินงาน 7,428,830 บาท","2.1 ค่าตอบแทน ใช้สอยและวัสดุ 5,786,130 บาท","2.1.2 ค่าใช้สอย 5,466,000 บาท","5,466,000"
371,งานบริหารทั่วไปฝ่ายการศึกษา,"2. งบดําเนินงาน 7,428,830 บาท","2.1 ค่าตอบแทน ใช้สอยและวัสดุ 5,786,130 บาท","2.1.3 ค่าวัสดุ 234,130 บาท","234,130"
372,งานบริหารทั่วไปฝ่ายการศึกษา,"2. งบดําเนินงาน 7,428,830 บาท","2.2 ค่าสาธารณูปโภค 1,642,700 บาท",,"1,642,700"
373,งานบริหารทั่วไปฝ่ายการศึกษา,"3. งบรายจ่ายอื่น 150,000 บาท","07103-1 (1) ค่าใช้จ่ายในการประชุมครู 4,800 บาท",,"4,800"
374,งานบริหารทั่วไปฝ่ายการศึกษา,"3. งบรายจ่ายอื่น 150,000 บาท","07103-2 2 ค่าใช้จ่ายในการฝึกอบรมนายหมู่ลูกเสือสามัญ สามัญรุ่นใหญ่ และหัวหน้าหน่วยยุวกาชาด 113,000 บาท",,"113,000"
375,งานงบประมาณโรงเรียน,"3. งบรายจ่ายอื่น 150,000 บาท","07109-1 (3) ค่าใช้จ่ายในการพัฒนาคุณภาพการดําเนินงาน ศูนย์วิชาการเขต 32,200 บาท",,"32,200"
376,งานงบประมาณโรงเรียน,"1. งบบุคลากร 4,795,400 บาท","1.1 เงินเดือน 1,913,700 บาท","01101-1 อัตราเดิม 9 อัตรา 1,772,750 บาท","1,772,750"
377,งานงบประมาณโรงเรียน,"1. งบบุคลากร 4,795,400 บาท","1.1 เงินเดือน 1,913,700 บาท","01102-1 เงินเลื่อนขั้น 106,400 บาท","106,400"
378,งานงบประมาณโรงเรียน,"1. งบบุคลากร 4,795,400 บาท","1.1 เงินเดือน 1,913,700 บาท","01107-1 เงินค่าตอบแทนรายเดือนของข้าราชการ 21,000 บาท","21,000"
379,งานงบประมาณโรงเรียน,"1. งบบุคลากร 4,795,400 บาท","1.1 เงินเดือน 1,913,700 บาท","01108-1 เงินเพิ่มการครองชีพชั่วคราวของข้าราชการ 10,550 บาท","10,550"
380,งานงบประมาณโรงเรียน,"1. งบบุคลากร 4,795,400 บาท","1.1 เงินเดือน 1,913,700 บาท","01109-1 เงินช่วยเหลือค่าครองชีพของข้าราชการ 3,000 บาท","3,000"
381,งานงบประมาณโรงเรียน,"1. งบบุคลากร 4,795,400 บาท","1.2 ค่าจ้างประจํา 1672,100 บาท","01201-1 อัตราเดิม 8 อัตรา 1,485,050 บาท","1,485,050"
382,งานงบประมาณโรงเรียน,"1. งบบุคลากร 4,795,400 บาท","1.2 ค่าจ้างประจํา 1672,100 บาท","01202-1 เงินเพิ่มค่าจ้างประจํา 89,100 บาท","89,100"
383,งานงบประมาณโรงเรียน,"1. งบบุคลากร 4,795,400 บาท","1.2 ค่าจ้างประจํา 1672,100 บาท","01205-1 เงินเพิ่มการครองซีพชั่วคราวของลูกจ้างประจํา 52,000 บาท","52,000"
384,งานงบประมาณโรงเรียน,"1. งบบุคลากร 4,795,400 บาท","1.2 ค่าจ้างประจํา 1672,100 บาท","01206-1 เงินช่วยเหลือค่าครองชีพของลูกจ้างประจํา 45,950 บาท","45,950"
385,งานงบประมาณโรงเรียน,"1. งบบุคลากร 4,795,400 บาท","1.3 ค่าจ้างชั่วคราว 1,152,000 บาท","02101-1 ค่าจ้างชั่วคราว 8 อัตรา 834,250 บาท","834,250"
386,งานงบประมาณโรงเรียน,"1. งบบุคลากร 4,795,400 บาท","1.3 ค่าจ้างชั่วคราว 1,152,000 บาท","02102-1 เงินเพิ่มการครองซีพชั่วคราวของลูกจ้างชั่วคราว 125,750 บาท","125,750"
387,งานงบประมาณโรงเรียน,"1. งบบุคลากร 4,795,400 บาท","1.3 ค่าจ้างชั่วคราว 1,152,000 บาท","02103-1 เงินช่วยเหลือค่าครองชีพของลูกจ้างชั่วคราว 192,000 บาท","192,000"
388,งานงบประมาณโรงเรียน,"1. งบบุคลากร 4,795,400 บาท","1.4 ค่าตอบแทน ใช้สอยและวัสดุ 57,600 บาท","03217-1 เงินสมทบกองทุนประกันสังคม 57,600 บาท","57,600"
389,งานงบประมาณโรงเรียน,"2. งบดําเนินงาน 8,099,270 บาท","2.1 ค่าตอบแทน ใช้สอยและวัสดุ 6,456,570 บาท","2.1.1 ค่าตอบแทน 1,920,000 บาท","1,920,000"
390,งานงบประมาณโรงเรียน,"2. งบดําเนินงาน 8,099,270 บาท","2.1 ค่าตอบแทน ใช้สอยและวัสดุ 6,456,570 บาท","2.1.2 ค่าใช้สอย 4,395,600 บาท","4,395,600"
391,งานงบประมาณโรงเรียน,"2. งบดําเนินงาน 8,099,270 บาท","2.1 ค่าตอบแทน ใช้สอยและวัสดุ 6,456,570 บาท","2.1.3 ค่าวัสดุ 140,970 บาท","140,970"
392,งานงบประมาณโรงเรียน,"2. งบดําเนินงาน 8,099,270 บาท","2.2 ค่าสาธารณูปโภค 1,642,700 บาท",,"1,642,700"
393,งานงบประมาณโรงเรียน,"3. งบลงทุน 241,400 บาท","05101-1 (1) เครื่องปรับอากาศ แบบแยกส่วน (ราคารวมค่าติดตั้ง) แบบตั้งพื้นหรือแบบแขวน ขนาด 44,000 04 1 เครื่อง 53,300 บาท",,"53,300"
394,งานงบประมาณโรงเรียน,"3. งบลงทุน 241,400 บาท","05101-22 (2) เครื่องปรับอากาศ แบบแยกส่วน (ราคารวมค่าติดตั้ง) แบบตั้งพื้นหรือแบบแขวน (ระบบ inverter) ขนาด 36,000 ปีทียู 1 เครื่อง 54,200 บาท",,"54,200"
395,งานงบประมาณโรงเรียน,"3. งบลงทุน 241,400 บาท","05101-23 (3) เครื่องปรับอากาศ แบบแยกส่วน (ราคารวมค่าติดตั้ง) แบบตั้งพื้นหรือแบบแขวน ขนาด 15,000 04 1 เครื่อง 25,900 บาท",,"25,900"
396,งานงบประมาณโรงเรียน,"3. งบลงทุน 241,400 บาท","05101-8 (4) เครื่องปรับอากาศ แบบแยกส่วน (ราคารวมค่าติดตั้ง) แบบตั้งพื้นหรือแบบแขวน ขนาด 50,000 04 1 เครื่อง 57000 บาท",,57000
397,งานงบประมาณโรงเรียน,"3. งบลงทุน 241,400 บาท","05101-9 (5) เครื่องปรับอากาศ แบบแยกส่วน (ราคารวมค่าติดตั้ง) แบบตั้งพื้นหรือแบบแขวน ขนาด 40,000 04 1 เครื่อง 51,000 บาท",,"51,000"
398,งานงบประมาณโรงเรียน,"4. งบเงินอุดหนุน 6,254,800 บาท","06104-1 ทุนอาหารกลางวันนักเรียน 1,316,800 บาท",,"1,316,800"
399,งานงบประมาณโรงเรียน,"4. งบเงินอุดหนุน 6,254,800 บาท","06199-1 ค่าอาหารเช้าของนักเรียนในโรงเรียนสังกัดกรุงเทพมหานคร 4,938,000 บาท",,"4,938,000"
400,งานงบประมาณโรงเรียน,"5. งบรายจ่ายอื่น 1,227,800 บาท","07124-1 (1) ค่าใช้จ่ายในการจัดประชุมสัมมนาคณะกรรมการ สถานศึกษาขั้นพื้นฐานโรงเรียนสังกัดกรุงเทพมหานคร 94,500 บาท",,"94,500"
401,งานงบประมาณโรงเรียน,"5. งบรายจ่ายอื่น 1,227,800 บาท","07125-1 (2) ค่าใช้จ่ายในการสัมมนาประธานกรรมการเครือข่าย ผู้ปกครองเพื่อพัฒนาโรงเรียนสังกัดกรุงเทพมหานคร 23,600 บาท",,"23,600"
402,งานงบประมาณโรงเรียน,"5. งบรายจ่ายอื่น 1,227,800 บาท","07126-1 (3) ค่าใช้จ่ายในการส่งเสริมสนับสนุนให้นักเรียน สร้างสรรค์ผลงานเพื่อการเรียนรู้ 122,100 บาท",,"122,100"
403,งานงบประมาณโรงเรียน,"5. งบรายจ่ายอื่น 1,227,800 บาท","07199-1 (6) ค่าใช้จ่ายตามโครงการเรียนฟรี เรียนดีอย่างมีคุณภาพ โรงเรียนสังกัดกรุงเทพมหานคร 987,600 บาท",,"987,600"
